ID,Name,Age,Department,Salary
1,Alice,26,HR,30001
2,Bob,27,Finance,30002
3,Emma,28,Sales,30003
4,David,29,Marketing,30004
5,Sophia,30,IT,30005
6,Liam,31,HR,30006
7,Olivia,32,Finance,30007
8,James,33,Sales,30008
9,Ava,34,Marketing,30009
10,John,25,IT,30010
11,Alice,26,HR,30011
12,Bob,27,Finance,30012
13,Emma,28,Sales,30013
14,David,29,Marketing,30014
15,Sophia,30,IT,30015
16,Liam,31,HR,30016
17,Olivia,32,Finance,30017
18,James,33,Sales,30018
19,Ava,34,Marketing,30019
20,John,25,IT,30020
21,Alice,26,HR,30021
22,Bob,27,Finance,30022
23,Emma,28,Sales,30023
24,David,29,Marketing,30024
25,Sophia,30,IT,30025
26,Liam,31,HR,30026
27,Olivia,32,Finance,30027
28,James,33,Sales,30028
29,Ava,34,Marketing,30029
30,John,25,IT,30030
31,Alice,26,HR,30031
32,Bob,27,Finance,30032
33,Emma,28,Sales,30033
34,David,29,Marketing,30034
35,Sophia,30,IT,30035
36,Liam,31,HR,30036
37,Olivia,32,Finance,30037
38,James,33,Sales,30038
39,Ava,34,Marketing,30039
40,John,25,IT,30040
41,Alice,26,HR,30041
42,Bob,27,Finance,30042
43,Emma,28,Sales,30043
44,David,29,Marketing,30044
45,Sophia,30,IT,30045
46,Liam,31,HR,30046
47,Olivia,32,Finance,30047
48,James,33,Sales,30048
49,Ava,34,Marketing,30049
50,John,25,IT,30050
51,Alice,26,HR,30051
52,Bob,27,Finance,30052
53,Emma,28,Sales,30053
54,David,29,Marketing,30054
55,Sophia,30,IT,30055
56,Liam,31,HR,30056
57,Olivia,32,Finance,30057
58,James,33,Sales,30058
59,Ava,34,Marketing,30059
60,John,25,IT,30060
61,Alice,26,HR,30061
62,Bob,27,Finance,30062
63,Emma,28,Sales,30063
64,David,29,Marketing,30064
65,Sophia,30,IT,30065
66,Liam,31,HR,30066
67,Olivia,32,Finance,30067
68,James,33,Sales,30068
69,Ava,34,Marketing,30069
70,John,25,IT,30070
71,Alice,26,HR,30071
72,Bob,27,Finance,30072
73,Emma,28,Sales,30073
74,David,29,Marketing,30074
75,Sophia,30,IT,30075
76,Liam,31,HR,30076
77,Olivia,32,Finance,30077
78,James,33,Sales,30078
79,Ava,34,Marketing,30079
80,John,25,IT,30080
81,Alice,26,HR,30081
82,Bob,27,Finance,30082
83,Emma,28,Sales,30083
84,David,29,Marketing,30084
85,Sophia,30,IT,30085
86,Liam,31,HR,30086
87,Olivia,32,Finance,30087
88,James,33,Sales,30088
89,Ava,34,Marketing,30089
90,John,25,IT,30090
91,Alice,26,HR,30091
92,Bob,27,Finance,30092
93,Emma,28,Sales,30093
94,David,29,Marketing,30094
95,Sophia,30,IT,30095
96,Liam,31,HR,30096
97,Olivia,32,Finance,30097
98,James,33,Sales,30098
99,Ava,34,Marketing,30099
100,John,25,IT,30100
101,Alice,26,HR,30101
102,Bob,27,Finance,30102
103,Emma,28,Sales,30103
104,David,29,Marketing,30104
105,Sophia,30,IT,30105
106,Liam,31,HR,30106
107,Olivia,32,Finance,30107
108,James,33,Sales,30108
109,Ava,34,Marketing,30109
110,John,25,IT,30110
111,Alice,26,HR,30111
112,Bob,27,Finance,30112
113,Emma,28,Sales,30113
114,David,29,Marketing,30114
115,Sophia,30,IT,30115
116,Liam,31,HR,30116
117,Olivia,32,Finance,30117
118,James,33,Sales,30118
119,Ava,34,Marketing,30119
120,John,25,IT,30120
121,Alice,26,HR,30121
122,Bob,27,Finance,30122
123,Emma,28,Sales,30123
124,David,29,Marketing,30124
125,Sophia,30,IT,30125
126,Liam,31,HR,30126
127,Olivia,32,Finance,30127
128,James,33,Sales,30128
129,Ava,34,Marketing,30129
130,John,25,IT,30130
131,Alice,26,HR,30131
132,Bob,27,Finance,30132
133,Emma,28,Sales,30133
134,David,29,Marketing,30134
135,Sophia,30,IT,30135
136,Liam,31,HR,30136
137,Olivia,32,Finance,30137
138,James,33,Sales,30138
139,Ava,34,Marketing,30139
140,John,25,IT,30140
141,Alice,26,HR,30141
142,Bob,27,Finance,30142
143,Emma,28,Sales,30143
144,David,29,Marketing,30144
145,Sophia,30,IT,30145
146,Liam,31,HR,30146
147,Olivia,32,Finance,30147
148,James,33,Sales,30148
149,Ava,34,Marketing,30149
150,John,25,IT,30150
151,Alice,26,HR,30151
152,Bob,27,Finance,30152
153,Emma,28,Sales,30153
154,David,29,Marketing,30154
155,Sophia,30,IT,30155
156,Liam,31,HR,30156
157,Olivia,32,Finance,30157
158,James,33,Sales,30158
159,Ava,34,Marketing,30159
160,John,25,IT,30160
161,Alice,26,HR,30161
162,Bob,27,Finance,30162
163,Emma,28,Sales,30163
164,David,29,Marketing,30164
165,Sophia,30,IT,30165
166,Liam,31,HR,30166
167,Olivia,32,Finance,30167
168,James,33,Sales,30168
169,Ava,34,Marketing,30169
170,John,25,IT,30170
171,Alice,26,HR,30171
172,Bob,27,Finance,30172
173,Emma,28,Sales,30173
174,David,29,Marketing,30174
175,Sophia,30,IT,30175
176,Liam,31,HR,30176
177,Olivia,32,Finance,30177
178,James,33,Sales,30178
179,Ava,34,Marketing,30179
180,John,25,IT,30180
181,Alice,26,HR,30181
182,Bob,27,Finance,30182
183,Emma,28,Sales,30183
184,David,29,Marketing,30184
185,Sophia,30,IT,30185
186,Liam,31,HR,30186
187,Olivia,32,Finance,30187
188,James,33,Sales,30188
189,Ava,34,Marketing,30189
190,John,25,IT,30190
191,Alice,26,HR,30191
192,Bob,27,Finance,30192
193,Emma,28,Sales,30193
194,David,29,Marketing,30194
195,Sophia,30,IT,30195
196,Liam,31,HR,30196
197,Olivia,32,Finance,30197
198,James,33,Sales,30198
199,Ava,34,Marketing,30199
200,John,25,IT,30200
201,Alice,26,HR,30201
202,Bob,27,Finance,30202
203,Emma,28,Sales,30203
204,David,29,Marketing,30204
205,Sophia,30,IT,30205
206,Liam,31,HR,30206
207,Olivia,32,Finance,30207
208,James,33,Sales,30208
209,Ava,34,Marketing,30209
210,John,25,IT,30210
211,Alice,26,HR,30211
212,Bob,27,Finance,30212
213,Emma,28,Sales,30213
214,David,29,Marketing,30214
215,Sophia,30,IT,30215
216,Liam,31,HR,30216
217,Olivia,32,Finance,30217
218,James,33,Sales,30218
219,Ava,34,Marketing,30219
220,John,25,IT,30220
221,Alice,26,HR,30221
222,Bob,27,Finance,30222
223,Emma,28,Sales,30223
224,David,29,Marketing,30224
225,Sophia,30,IT,30225
226,Liam,31,HR,30226
227,Olivia,32,Finance,30227
228,James,33,Sales,30228
229,Ava,34,Marketing,30229
230,John,25,IT,30230
231,Alice,26,HR,30231
232,Bob,27,Finance,30232
233,Emma,28,Sales,30233
234,David,29,Marketing,30234
235,Sophia,30,IT,30235
236,Liam,31,HR,30236
237,Olivia,32,Finance,30237
238,James,33,Sales,30238
239,Ava,34,Marketing,30239
240,John,25,IT,30240
241,Alice,26,HR,30241
242,Bob,27,Finance,30242
243,Emma,28,Sales,30243
244,David,29,Marketing,30244
245,Sophia,30,IT,30245
246,Liam,31,HR,30246
247,Olivia,32,Finance,30247
248,James,33,Sales,30248
249,Ava,34,Marketing,30249
250,John,25,IT,30250
251,Alice,26,HR,30251
252,Bob,27,Finance,30252
253,Emma,28,Sales,30253
254,David,29,Marketing,30254
255,Sophia,30,IT,30255
256,Liam,31,HR,30256
257,Olivia,32,Finance,30257
258,James,33,Sales,30258
259,Ava,34,Marketing,30259
260,John,25,IT,30260
261,Alice,26,HR,30261
262,Bob,27,Finance,30262
263,Emma,28,Sales,30263
264,David,29,Marketing,30264
265,Sophia,30,IT,30265
266,Liam,31,HR,30266
267,Olivia,32,Finance,30267
268,James,33,Sales,30268
269,Ava,34,Marketing,30269
270,John,25,IT,30270
271,Alice,26,HR,30271
272,Bob,27,Finance,30272
273,Emma,28,Sales,30273
274,David,29,Marketing,30274
275,Sophia,30,IT,30275
276,Liam,31,HR,30276
277,Olivia,32,Finance,30277
278,James,33,Sales,30278
279,Ava,34,Marketing,30279
280,John,25,IT,30280
281,Alice,26,HR,30281
282,Bob,27,Finance,30282
283,Emma,28,Sales,30283
284,David,29,Marketing,30284
285,Sophia,30,IT,30285
286,Liam,31,HR,30286
287,Olivia,32,Finance,30287
288,James,33,Sales,30288
289,Ava,34,Marketing,30289
290,John,25,IT,30290
291,Alice,26,HR,30291
292,Bob,27,Finance,30292
293,Emma,28,Sales,30293
294,David,29,Marketing,30294
295,Sophia,30,IT,30295
296,Liam,31,HR,30296
297,Olivia,32,Finance,30297
298,James,33,Sales,30298
299,Ava,34,Marketing,30299
300,John,25,IT,30300
301,Alice,26,HR,30301
302,Bob,27,Finance,30302
303,Emma,28,Sales,30303
304,David,29,Marketing,30304
305,Sophia,30,IT,30305
306,Liam,31,HR,30306
307,Olivia,32,Finance,30307
308,James,33,Sales,30308
309,Ava,34,Marketing,30309
310,John,25,IT,30310
311,Alice,26,HR,30311
312,Bob,27,Finance,30312
313,Emma,28,Sales,30313
314,David,29,Marketing,30314
315,Sophia,30,IT,30315
316,Liam,31,HR,30316
317,Olivia,32,Finance,30317
318,James,33,Sales,30318
319,Ava,34,Marketing,30319
320,John,25,IT,30320
321,Alice,26,HR,30321
322,Bob,27,Finance,30322
323,Emma,28,Sales,30323
324,David,29,Marketing,30324
325,Sophia,30,IT,30325
326,Liam,31,HR,30326
327,Olivia,32,Finance,30327
328,James,33,Sales,30328
329,Ava,34,Marketing,30329
330,John,25,IT,30330
331,Alice,26,HR,30331
332,Bob,27,Finance,30332
333,Emma,28,Sales,30333
334,David,29,Marketing,30334
335,Sophia,30,IT,30335
336,Liam,31,HR,30336
337,Olivia,32,Finance,30337
338,James,33,Sales,30338
339,Ava,34,Marketing,30339
340,John,25,IT,30340
341,Alice,26,HR,30341
342,Bob,27,Finance,30342
343,Emma,28,Sales,30343
344,David,29,Marketing,30344
345,Sophia,30,IT,30345
346,Liam,31,HR,30346
347,Olivia,32,Finance,30347
348,James,33,Sales,30348
349,Ava,34,Marketing,30349
350,John,25,IT,30350
351,Alice,26,HR,30351
352,Bob,27,Finance,30352
353,Emma,28,Sales,30353
354,David,29,Marketing,30354
355,Sophia,30,IT,30355
356,Liam,31,HR,30356
357,Olivia,32,Finance,30357
358,James,33,Sales,30358
359,Ava,34,Marketing,30359
360,John,25,IT,30360
361,Alice,26,HR,30361
362,Bob,27,Finance,30362
363,Emma,28,Sales,30363
364,David,29,Marketing,30364
365,Sophia,30,IT,30365
366,Liam,31,HR,30366
367,Olivia,32,Finance,30367
368,James,33,Sales,30368
369,Ava,34,Marketing,30369
370,John,25,IT,30370
371,Alice,26,HR,30371
372,Bob,27,Finance,30372
373,Emma,28,Sales,30373
374,David,29,Marketing,30374
375,Sophia,30,IT,30375
376,Liam,31,HR,30376
377,Olivia,32,Finance,30377
378,James,33,Sales,30378
379,Ava,34,Marketing,30379
380,John,25,IT,30380
381,Alice,26,HR,30381
382,Bob,27,Finance,30382
383,Emma,28,Sales,30383
384,David,29,Marketing,30384
385,Sophia,30,IT,30385
386,Liam,31,HR,30386
387,Olivia,32,Finance,30387
388,James,33,Sales,30388
389,Ava,34,Marketing,30389
390,John,25,IT,30390
391,Alice,26,HR,30391
392,Bob,27,Finance,30392
393,Emma,28,Sales,30393
394,David,29,Marketing,30394
395,Sophia,30,IT,30395
396,Liam,31,HR,30396
397,Olivia,32,Finance,30397
398,James,33,Sales,30398
399,Ava,34,Marketing,30399
400,John,25,IT,30400
401,Alice,26,HR,30401
402,Bob,27,Finance,30402
403,Emma,28,Sales,30403
404,David,29,Marketing,30404
405,Sophia,30,IT,30405
406,Liam,31,HR,30406
407,Olivia,32,Finance,30407
408,James,33,Sales,30408
409,Ava,34,Marketing,30409
410,John,25,IT,30410
411,Alice,26,HR,30411
412,Bob,27,Finance,30412
413,Emma,28,Sales,30413
414,David,29,Marketing,30414
415,Sophia,30,IT,30415
416,Liam,31,HR,30416
417,Olivia,32,Finance,30417
418,James,33,Sales,30418
419,Ava,34,Marketing,30419
420,John,25,IT,30420
421,Alice,26,HR,30421
422,Bob,27,Finance,30422
423,Emma,28,Sales,30423
424,David,29,Marketing,30424
425,Sophia,30,IT,30425
426,Liam,31,HR,30426
427,Olivia,32,Finance,30427
428,James,33,Sales,30428
429,Ava,34,Marketing,30429
430,John,25,IT,30430
431,Alice,26,HR,30431
432,Bob,27,Finance,30432
433,Emma,28,Sales,30433
434,David,29,Marketing,30434
435,Sophia,30,IT,30435
436,Liam,31,HR,30436
437,Olivia,32,Finance,30437
438,James,33,Sales,30438
439,Ava,34,Marketing,30439
440,John,25,IT,30440
441,Alice,26,HR,30441
442,Bob,27,Finance,30442
443,Emma,28,Sales,30443
444,David,29,Marketing,30444
445,Sophia,30,IT,30445
446,Liam,31,HR,30446
447,Olivia,32,Finance,30447
448,James,33,Sales,30448
449,Ava,34,Marketing,30449
450,John,25,IT,30450
451,Alice,26,HR,30451
452,Bob,27,Finance,30452
453,Emma,28,Sales,30453
454,David,29,Marketing,30454
455,Sophia,30,IT,30455
456,Liam,31,HR,30456
457,Olivia,32,Finance,30457
458,James,33,Sales,30458
459,Ava,34,Marketing,30459
460,John,25,IT,30460
461,Alice,26,HR,30461
462,Bob,27,Finance,30462
463,Emma,28,Sales,30463
464,David,29,Marketing,30464
465,Sophia,30,IT,30465
466,Liam,31,HR,30466
467,Olivia,32,Finance,30467
468,James,33,Sales,30468
469,Ava,34,Marketing,30469
470,John,25,IT,30470
471,Alice,26,HR,30471
472,Bob,27,Finance,30472
473,Emma,28,Sales,30473
474,David,29,Marketing,30474
475,Sophia,30,IT,30475
476,Liam,31,HR,30476
477,Olivia,32,Finance,30477
478,James,33,Sales,30478
479,Ava,34,Marketing,30479
480,John,25,IT,30480
481,Alice,26,HR,30481
482,Bob,27,Finance,30482
483,Emma,28,Sales,30483
484,David,29,Marketing,30484
485,Sophia,30,IT,30485
486,Liam,31,HR,30486
487,Olivia,32,Finance,30487
488,James,33,Sales,30488
489,Ava,34,Marketing,30489
490,John,25,IT,30490
491,Alice,26,HR,30491
492,Bob,27,Finance,30492
493,Emma,28,Sales,30493
494,David,29,Marketing,30494
495,Sophia,30,IT,30495
496,Liam,31,HR,30496
497,Olivia,32,Finance,30497
498,James,33,Sales,30498
499,Ava,34,Marketing,30499
500,John,25,IT,30500
501,Alice,26,HR,30501
502,Bob,27,Finance,30502
503,Emma,28,Sales,30503
504,David,29,Marketing,30504
505,Sophia,30,IT,30505
506,Liam,31,HR,30506
507,Olivia,32,Finance,30507
508,James,33,Sales,30508
509,Ava,34,Marketing,30509
510,John,25,IT,30510
511,Alice,26,HR,30511
512,Bob,27,Finance,30512
513,Emma,28,Sales,30513
514,David,29,Marketing,30514
515,Sophia,30,IT,30515
516,Liam,31,HR,30516
517,Olivia,32,Finance,30517
518,James,33,Sales,30518
519,Ava,34,Marketing,30519
520,John,25,IT,30520
521,Alice,26,HR,30521
522,Bob,27,Finance,30522
523,Emma,28,Sales,30523
524,David,29,Marketing,30524
525,Sophia,30,IT,30525
526,Liam,31,HR,30526
527,Olivia,32,Finance,30527
528,James,33,Sales,30528
529,Ava,34,Marketing,30529
530,John,25,IT,30530
531,Alice,26,HR,30531
532,Bob,27,Finance,30532
533,Emma,28,Sales,30533
534,David,29,Marketing,30534
535,Sophia,30,IT,30535
536,Liam,31,HR,30536
537,Olivia,32,Finance,30537
538,James,33,Sales,30538
539,Ava,34,Marketing,30539
540,John,25,IT,30540
541,Alice,26,HR,30541
542,Bob,27,Finance,30542
543,Emma,28,Sales,30543
544,David,29,Marketing,30544
545,Sophia,30,IT,30545
546,Liam,31,HR,30546
547,Olivia,32,Finance,30547
548,James,33,Sales,30548
549,Ava,34,Marketing,30549
550,John,25,IT,30550
551,Alice,26,HR,30551
552,Bob,27,Finance,30552
553,Emma,28,Sales,30553
554,David,29,Marketing,30554
555,Sophia,30,IT,30555
556,Liam,31,HR,30556
557,Olivia,32,Finance,30557
558,James,33,Sales,30558
559,Ava,34,Marketing,30559
560,John,25,IT,30560
561,Alice,26,HR,30561
562,Bob,27,Finance,30562
563,Emma,28,Sales,30563
564,David,29,Marketing,30564
565,Sophia,30,IT,30565
566,Liam,31,HR,30566
567,Olivia,32,Finance,30567
568,James,33,Sales,30568
569,Ava,34,Marketing,30569
570,John,25,IT,30570
571,Alice,26,HR,30571
572,Bob,27,Finance,30572
573,Emma,28,Sales,30573
574,David,29,Marketing,30574
575,Sophia,30,IT,30575
576,Liam,31,HR,30576
577,Olivia,32,Finance,30577
578,James,33,Sales,30578
579,Ava,34,Marketing,30579
580,John,25,IT,30580
581,Alice,26,HR,30581
582,Bob,27,Finance,30582
583,Emma,28,Sales,30583
584,David,29,Marketing,30584
585,Sophia,30,IT,30585
586,Liam,31,HR,30586
587,Olivia,32,Finance,30587
588,James,33,Sales,30588
589,Ava,34,Marketing,30589
590,John,25,IT,30590
591,Alice,26,HR,30591
592,Bob,27,Finance,30592
593,Emma,28,Sales,30593
594,David,29,Marketing,30594
595,Sophia,30,IT,30595
596,Liam,31,HR,30596
597,Olivia,32,Finance,30597
598,James,33,Sales,30598
599,Ava,34,Marketing,30599
600,John,25,IT,30600
601,Alice,26,HR,30601
602,Bob,27,Finance,30602
603,Emma,28,Sales,30603
604,David,29,Marketing,30604
605,Sophia,30,IT,30605
606,Liam,31,HR,30606
607,Olivia,32,Finance,30607
608,James,33,Sales,30608
609,Ava,34,Marketing,30609
610,John,25,IT,30610
611,Alice,26,HR,30611
612,Bob,27,Finance,30612
613,Emma,28,Sales,30613
614,David,29,Marketing,30614
615,Sophia,30,IT,30615
616,Liam,31,HR,30616
617,Olivia,32,Finance,30617
618,James,33,Sales,30618
619,Ava,34,Marketing,30619
620,John,25,IT,30620
621,Alice,26,HR,30621
622,Bob,27,Finance,30622
623,Emma,28,Sales,30623
624,David,29,Marketing,30624
625,Sophia,30,IT,30625
626,Liam,31,HR,30626
627,Olivia,32,Finance,30627
628,James,33,Sales,30628
629,Ava,34,Marketing,30629
630,John,25,IT,30630
631,Alice,26,HR,30631
632,Bob,27,Finance,30632
633,Emma,28,Sales,30633
634,David,29,Marketing,30634
635,Sophia,30,IT,30635
636,Liam,31,HR,30636
637,Olivia,32,Finance,30637
638,James,33,Sales,30638
639,Ava,34,Marketing,30639
640,John,25,IT,30640
641,Alice,26,HR,30641
642,Bob,27,Finance,30642
643,Emma,28,Sales,30643
644,David,29,Marketing,30644
645,Sophia,30,IT,30645
646,Liam,31,HR,30646
647,Olivia,32,Finance,30647
648,James,33,Sales,30648
649,Ava,34,Marketing,30649
650,John,25,IT,30650
651,Alice,26,HR,30651
652,Bob,27,Finance,30652
653,Emma,28,Sales,30653
654,David,29,Marketing,30654
655,Sophia,30,IT,30655
656,Liam,31,HR,30656
657,Olivia,32,Finance,30657
658,James,33,Sales,30658
659,Ava,34,Marketing,30659
660,John,25,IT,30660
661,Alice,26,HR,30661
662,Bob,27,Finance,30662
663,Emma,28,Sales,30663
664,David,29,Marketing,30664
665,Sophia,30,IT,30665
666,Liam,31,HR,30666
667,Olivia,32,Finance,30667
668,James,33,Sales,30668
669,Ava,34,Marketing,30669
670,John,25,IT,30670
671,Alice,26,HR,30671
672,Bob,27,Finance,30672
673,Emma,28,Sales,30673
674,David,29,Marketing,30674
675,Sophia,30,IT,30675
676,Liam,31,HR,30676
677,Olivia,32,Finance,30677
678,James,33,Sales,30678
679,Ava,34,Marketing,30679
680,John,25,IT,30680
681,Alice,26,HR,30681
682,Bob,27,Finance,30682
683,Emma,28,Sales,30683
684,David,29,Marketing,30684
685,Sophia,30,IT,30685
686,Liam,31,HR,30686
687,Olivia,32,Finance,30687
688,James,33,Sales,30688
689,Ava,34,Marketing,30689
690,John,25,IT,30690
691,Alice,26,HR,30691
692,Bob,27,Finance,30692
693,Emma,28,Sales,30693
694,David,29,Marketing,30694
695,Sophia,30,IT,30695
696,Liam,31,HR,30696
697,Olivia,32,Finance,30697
698,James,33,Sales,30698
699,Ava,34,Marketing,30699
700,John,25,IT,30700
701,Alice,26,HR,30701
702,Bob,27,Finance,30702
703,Emma,28,Sales,30703
704,David,29,Marketing,30704
705,Sophia,30,IT,30705
706,Liam,31,HR,30706
707,Olivia,32,Finance,30707
708,James,33,Sales,30708
709,Ava,34,Marketing,30709
710,John,25,IT,30710
711,Alice,26,HR,30711
712,Bob,27,Finance,30712
713,Emma,28,Sales,30713
714,David,29,Marketing,30714
715,Sophia,30,IT,30715
716,Liam,31,HR,30716
717,Olivia,32,Finance,30717
718,James,33,Sales,30718
719,Ava,34,Marketing,30719
720,John,25,IT,30720
721,Alice,26,HR,30721
722,Bob,27,Finance,30722
723,Emma,28,Sales,30723
724,David,29,Marketing,30724
725,Sophia,30,IT,30725
726,Liam,31,HR,30726
727,Olivia,32,Finance,30727
728,James,33,Sales,30728
729,Ava,34,Marketing,30729
730,John,25,IT,30730
731,Alice,26,HR,30731
732,Bob,27,Finance,30732
733,Emma,28,Sales,30733
734,David,29,Marketing,30734
735,Sophia,30,IT,30735
736,Liam,31,HR,30736
737,Olivia,32,Finance,30737
738,James,33,Sales,30738
739,Ava,34,Marketing,30739
740,John,25,IT,30740
741,Alice,26,HR,30741
742,Bob,27,Finance,30742
743,Emma,28,Sales,30743
744,David,29,Marketing,30744
745,Sophia,30,IT,30745
746,Liam,31,HR,30746
747,Olivia,32,Finance,30747
748,James,33,Sales,30748
749,Ava,34,Marketing,30749
750,John,25,IT,30750
751,Alice,26,HR,30751
752,Bob,27,Finance,30752
753,Emma,28,Sales,30753
754,David,29,Marketing,30754
755,Sophia,30,IT,30755
756,Liam,31,HR,30756
757,Olivia,32,Finance,30757
758,James,33,Sales,30758
759,Ava,34,Marketing,30759
760,John,25,IT,30760
761,Alice,26,HR,30761
762,Bob,27,Finance,30762
763,Emma,28,Sales,30763
764,David,29,Marketing,30764
765,Sophia,30,IT,30765
766,Liam,31,HR,30766
767,Olivia,32,Finance,30767
768,James,33,Sales,30768
769,Ava,34,Marketing,30769
770,John,25,IT,30770
771,Alice,26,HR,30771
772,Bob,27,Finance,30772
773,Emma,28,Sales,30773
774,David,29,Marketing,30774
775,Sophia,30,IT,30775
776,Liam,31,HR,30776
777,Olivia,32,Finance,30777
778,James,33,Sales,30778
779,Ava,34,Marketing,30779
780,John,25,IT,30780
781,Alice,26,HR,30781
782,Bob,27,Finance,30782
783,Emma,28,Sales,30783
784,David,29,Marketing,30784
785,Sophia,30,IT,30785
786,Liam,31,HR,30786
787,Olivia,32,Finance,30787
788,James,33,Sales,30788
789,Ava,34,Marketing,30789
790,John,25,IT,30790
791,Alice,26,HR,30791
792,Bob,27,Finance,30792
793,Emma,28,Sales,30793
794,David,29,Marketing,30794
795,Sophia,30,IT,30795
796,Liam,31,HR,30796
797,Olivia,32,Finance,30797
798,James,33,Sales,30798
799,Ava,34,Marketing,30799
800,John,25,IT,30800
801,Alice,26,HR,30801
802,Bob,27,Finance,30802
803,Emma,28,Sales,30803
804,David,29,Marketing,30804
805,Sophia,30,IT,30805
806,Liam,31,HR,30806
807,Olivia,32,Finance,30807
808,James,33,Sales,30808
809,Ava,34,Marketing,30809
810,John,25,IT,30810
811,Alice,26,HR,30811
812,Bob,27,Finance,30812
813,Emma,28,Sales,30813
814,David,29,Marketing,30814
815,Sophia,30,IT,30815
816,Liam,31,HR,30816
817,Olivia,32,Finance,30817
818,James,33,Sales,30818
819,Ava,34,Marketing,30819
820,John,25,IT,30820
821,Alice,26,HR,30821
822,Bob,27,Finance,30822
823,Emma,28,Sales,30823
824,David,29,Marketing,30824
825,Sophia,30,IT,30825
826,Liam,31,HR,30826
827,Olivia,32,Finance,30827
828,James,33,Sales,30828
829,Ava,34,Marketing,30829
830,John,25,IT,30830
831,Alice,26,HR,30831
832,Bob,27,Finance,30832
833,Emma,28,Sales,30833
834,David,29,Marketing,30834
835,Sophia,30,IT,30835
836,Liam,31,HR,30836
837,Olivia,32,Finance,30837
838,James,33,Sales,30838
839,Ava,34,Marketing,30839
840,John,25,IT,30840
841,Alice,26,HR,30841
842,Bob,27,Finance,30842
843,Emma,28,Sales,30843
844,David,29,Marketing,30844
845,Sophia,30,IT,30845
846,Liam,31,HR,30846
847,Olivia,32,Finance,30847
848,James,33,Sales,30848
849,Ava,34,Marketing,30849
850,John,25,IT,30850
851,Alice,26,HR,30851
852,Bob,27,Finance,30852
853,Emma,28,Sales,30853
854,David,29,Marketing,30854
855,Sophia,30,IT,30855
856,Liam,31,HR,30856
857,Olivia,32,Finance,30857
858,James,33,Sales,30858
859,Ava,34,Marketing,30859
860,John,25,IT,30860
861,Alice,26,HR,30861
862,Bob,27,Finance,30862
863,Emma,28,Sales,30863
864,David,29,Marketing,30864
865,Sophia,30,IT,30865
866,Liam,31,HR,30866
867,Olivia,32,Finance,30867
868,James,33,Sales,30868
869,Ava,34,Marketing,30869
870,John,25,IT,30870
871,Alice,26,HR,30871
872,Bob,27,Finance,30872
873,Emma,28,Sales,30873
874,David,29,Marketing,30874
875,Sophia,30,IT,30875
876,Liam,31,HR,30876
877,Olivia,32,Finance,30877
878,James,33,Sales,30878
879,Ava,34,Marketing,30879
880,John,25,IT,30880
881,Alice,26,HR,30881
882,Bob,27,Finance,30882
883,Emma,28,Sales,30883
884,David,29,Marketing,30884
885,Sophia,30,IT,30885
886,Liam,31,HR,30886
887,Olivia,32,Finance,30887
888,James,33,Sales,30888
889,Ava,34,Marketing,30889
890,John,25,IT,30890
891,Alice,26,HR,30891
892,Bob,27,Finance,30892
893,Emma,28,Sales,30893
894,David,29,Marketing,30894
895,Sophia,30,IT,30895
896,Liam,31,HR,30896
897,Olivia,32,Finance,30897
898,James,33,Sales,30898
899,Ava,34,Marketing,30899
900,John,25,IT,30900
901,Alice,26,HR,30901
902,Bob,27,Finance,30902
903,Emma,28,Sales,30903
904,David,29,Marketing,30904
905,Sophia,30,IT,30905
906,Liam,31,HR,30906
907,Olivia,32,Finance,30907
908,James,33,Sales,30908
909,Ava,34,Marketing,30909
910,John,25,IT,30910
911,Alice,26,HR,30911
912,Bob,27,Finance,30912
913,Emma,28,Sales,30913
914,David,29,Marketing,30914
915,Sophia,30,IT,30915
916,Liam,31,HR,30916
917,Olivia,32,Finance,30917
918,James,33,Sales,30918
919,Ava,34,Marketing,30919
920,John,25,IT,30920
921,Alice,26,HR,30921
922,Bob,27,Finance,30922
923,Emma,28,Sales,30923
924,David,29,Marketing,30924
925,Sophia,30,IT,30925
926,Liam,31,HR,30926
927,Olivia,32,Finance,30927
928,James,33,Sales,30928
929,Ava,34,Marketing,30929
930,John,25,IT,30930
931,Alice,26,HR,30931
932,Bob,27,Finance,30932
933,Emma,28,Sales,30933
934,David,29,Marketing,30934
935,Sophia,30,IT,30935
936,Liam,31,HR,30936
937,Olivia,32,Finance,30937
938,James,33,Sales,30938
939,Ava,34,Marketing,30939
940,John,25,IT,30940
941,Alice,26,HR,30941
942,Bob,27,Finance,30942
943,Emma,28,Sales,30943
944,David,29,Marketing,30944
945,Sophia,30,IT,30945
946,Liam,31,HR,30946
947,Olivia,32,Finance,30947
948,James,33,Sales,30948
949,Ava,34,Marketing,30949
950,John,25,IT,30950
951,Alice,26,HR,30951
952,Bob,27,Finance,30952
953,Emma,28,Sales,30953
954,David,29,Marketing,30954
955,Sophia,30,IT,30955
956,Liam,31,HR,30956
957,Olivia,32,Finance,30957
958,James,33,Sales,30958
959,Ava,34,Marketing,30959
960,John,25,IT,30960
961,Alice,26,HR,30961
962,Bob,27,Finance,30962
963,Emma,28,Sales,30963
964,David,29,Marketing,30964
965,Sophia,30,IT,30965
966,Liam,31,HR,30966
967,Olivia,32,Finance,30967
968,James,33,Sales,30968
969,Ava,34,Marketing,30969
970,John,25,IT,30970
971,Alice,26,HR,30971
972,Bob,27,Finance,30972
973,Emma,28,Sales,30973
974,David,29,Marketing,30974
975,Sophia,30,IT,30975
976,Liam,31,HR,30976
977,Olivia,32,Finance,30977
978,James,33,Sales,30978
979,Ava,34,Marketing,30979
980,John,25,IT,30980
981,Alice,26,HR,30981
982,Bob,27,Finance,30982
983,Emma,28,Sales,30983
984,David,29,Marketing,30984
985,Sophia,30,IT,30985
986,Liam,31,HR,30986
987,Olivia,32,Finance,30987
988,James,33,Sales,30988
989,Ava,34,Marketing,30989
990,John,25,IT,30990
991,Alice,26,HR,30991
992,Bob,27,Finance,30992
993,Emma,28,Sales,30993
994,David,29,Marketing,30994
995,Sophia,30,IT,30995
996,Liam,31,HR,30996
997,Olivia,32,Finance,30997
998,James,33,Sales,30998
999,Ava,34,Marketing,30999
1000,John,25,IT,31000
1001,Alice,26,HR,31001
1002,Bob,27,Finance,31002
1003,Emma,28,Sales,31003
1004,David,29,Marketing,31004
1005,Sophia,30,IT,31005
1006,Liam,31,HR,31006
1007,Olivia,32,Finance,31007
1008,James,33,Sales,31008
1009,Ava,34,Marketing,31009
1010,John,25,IT,31010
1011,Alice,26,HR,31011
1012,Bob,27,Finance,31012
1013,Emma,28,Sales,31013
1014,David,29,Marketing,31014
1015,Sophia,30,IT,31015
1016,Liam,31,HR,31016
1017,Olivia,32,Finance,31017
1018,James,33,Sales,31018
1019,Ava,34,Marketing,31019
1020,John,25,IT,31020
1021,Alice,26,HR,31021
1022,Bob,27,Finance,31022
1023,Emma,28,Sales,31023
1024,David,29,Marketing,31024
1025,Sophia,30,IT,31025
1026,Liam,31,HR,31026
1027,Olivia,32,Finance,31027
1028,James,33,Sales,31028
1029,Ava,34,Marketing,31029
1030,John,25,IT,31030
1031,Alice,26,HR,31031
1032,Bob,27,Finance,31032
1033,Emma,28,Sales,31033
1034,David,29,Marketing,31034
1035,Sophia,30,IT,31035
1036,Liam,31,HR,31036
1037,Olivia,32,Finance,31037
1038,James,33,Sales,31038
1039,Ava,34,Marketing,31039
1040,John,25,IT,31040
1041,Alice,26,HR,31041
1042,Bob,27,Finance,31042
1043,Emma,28,Sales,31043
1044,David,29,Marketing,31044
1045,Sophia,30,IT,31045
1046,Liam,31,HR,31046
1047,Olivia,32,Finance,31047
1048,James,33,Sales,31048
1049,Ava,34,Marketing,31049
1050,John,25,IT,31050
1051,Alice,26,HR,31051
1052,Bob,27,Finance,31052
1053,Emma,28,Sales,31053
1054,David,29,Marketing,31054
1055,Sophia,30,IT,31055
1056,Liam,31,HR,31056
1057,Olivia,32,Finance,31057
1058,James,33,Sales,31058
1059,Ava,34,Marketing,31059
1060,John,25,IT,31060
1061,Alice,26,HR,31061
1062,Bob,27,Finance,31062
1063,Emma,28,Sales,31063
1064,David,29,Marketing,31064
1065,Sophia,30,IT,31065
1066,Liam,31,HR,31066
1067,Olivia,32,Finance,31067
1068,James,33,Sales,31068
1069,Ava,34,Marketing,31069
1070,John,25,IT,31070
1071,Alice,26,HR,31071
1072,Bob,27,Finance,31072
1073,Emma,28,Sales,31073
1074,David,29,Marketing,31074
1075,Sophia,30,IT,31075
1076,Liam,31,HR,31076
1077,Olivia,32,Finance,31077
1078,James,33,Sales,31078
1079,Ava,34,Marketing,31079
1080,John,25,IT,31080
1081,Alice,26,HR,31081
1082,Bob,27,Finance,31082
1083,Emma,28,Sales,31083
1084,David,29,Marketing,31084
1085,Sophia,30,IT,31085
1086,Liam,31,HR,31086
1087,Olivia,32,Finance,31087
1088,James,33,Sales,31088
1089,Ava,34,Marketing,31089
1090,John,25,IT,31090
1091,Alice,26,HR,31091
1092,Bob,27,Finance,31092
1093,Emma,28,Sales,31093
1094,David,29,Marketing,31094
1095,Sophia,30,IT,31095
1096,Liam,31,HR,31096
1097,Olivia,32,Finance,31097
1098,James,33,Sales,31098
1099,Ava,34,Marketing,31099
1100,John,25,IT,31100
1101,Alice,26,HR,31101
1102,Bob,27,Finance,31102
1103,Emma,28,Sales,31103
1104,David,29,Marketing,31104
1105,Sophia,30,IT,31105
1106,Liam,31,HR,31106
1107,Olivia,32,Finance,31107
1108,James,33,Sales,31108
1109,Ava,34,Marketing,31109
1110,John,25,IT,31110
1111,Alice,26,HR,31111
1112,Bob,27,Finance,31112
1113,Emma,28,Sales,31113
1114,David,29,Marketing,31114
1115,Sophia,30,IT,31115
1116,Liam,31,HR,31116
1117,Olivia,32,Finance,31117
1118,James,33,Sales,31118
1119,Ava,34,Marketing,31119
1120,John,25,IT,31120
1121,Alice,26,HR,31121
1122,Bob,27,Finance,31122
1123,Emma,28,Sales,31123
1124,David,29,Marketing,31124
1125,Sophia,30,IT,31125
1126,Liam,31,HR,31126
1127,Olivia,32,Finance,31127
1128,James,33,Sales,31128
1129,Ava,34,Marketing,31129
1130,John,25,IT,31130
1131,Alice,26,HR,31131
1132,Bob,27,Finance,31132
1133,Emma,28,Sales,31133
1134,David,29,Marketing,31134
1135,Sophia,30,IT,31135
1136,Liam,31,HR,31136
1137,Olivia,32,Finance,31137
1138,James,33,Sales,31138
1139,Ava,34,Marketing,31139
1140,John,25,IT,31140
1141,Alice,26,HR,31141
1142,Bob,27,Finance,31142
1143,Emma,28,Sales,31143
1144,David,29,Marketing,31144
1145,Sophia,30,IT,31145
1146,Liam,31,HR,31146
1147,Olivia,32,Finance,31147
1148,James,33,Sales,31148
1149,Ava,34,Marketing,31149
1150,John,25,IT,31150
1151,Alice,26,HR,31151
1152,Bob,27,Finance,31152
1153,Emma,28,Sales,31153
1154,David,29,Marketing,31154
1155,Sophia,30,IT,31155
1156,Liam,31,HR,31156
1157,Olivia,32,Finance,31157
1158,James,33,Sales,31158
1159,Ava,34,Marketing,31159
1160,John,25,IT,31160
1161,Alice,26,HR,31161
1162,Bob,27,Finance,31162
1163,Emma,28,Sales,31163
1164,David,29,Marketing,31164
1165,Sophia,30,IT,31165
1166,Liam,31,HR,31166
1167,Olivia,32,Finance,31167
1168,James,33,Sales,31168
1169,Ava,34,Marketing,31169
1170,John,25,IT,31170
1171,Alice,26,HR,31171
1172,Bob,27,Finance,31172
1173,Emma,28,Sales,31173
1174,David,29,Marketing,31174
1175,Sophia,30,IT,31175
1176,Liam,31,HR,31176
1177,Olivia,32,Finance,31177
1178,James,33,Sales,31178
1179,Ava,34,Marketing,31179
1180,John,25,IT,31180
1181,Alice,26,HR,31181
1182,Bob,27,Finance,31182
1183,Emma,28,Sales,31183
1184,David,29,Marketing,31184
1185,Sophia,30,IT,31185
1186,Liam,31,HR,31186
1187,Olivia,32,Finance,31187
1188,James,33,Sales,31188
1189,Ava,34,Marketing,31189
1190,John,25,IT,31190
1191,Alice,26,HR,31191
1192,Bob,27,Finance,31192
1193,Emma,28,Sales,31193
1194,David,29,Marketing,31194
1195,Sophia,30,IT,31195
1196,Liam,31,HR,31196
1197,Olivia,32,Finance,31197
1198,James,33,Sales,31198
1199,Ava,34,Marketing,31199
1200,John,25,IT,31200
1201,Alice,26,HR,31201
1202,Bob,27,Finance,31202
1203,Emma,28,Sales,31203
1204,David,29,Marketing,31204
1205,Sophia,30,IT,31205
1206,Liam,31,HR,31206
1207,Olivia,32,Finance,31207
1208,James,33,Sales,31208
1209,Ava,34,Marketing,31209
1210,John,25,IT,31210
1211,Alice,26,HR,31211
1212,Bob,27,Finance,31212
1213,Emma,28,Sales,31213
1214,David,29,Marketing,31214
1215,Sophia,30,IT,31215
1216,Liam,31,HR,31216
1217,Olivia,32,Finance,31217
1218,James,33,Sales,31218
1219,Ava,34,Marketing,31219
1220,John,25,IT,31220
1221,Alice,26,HR,31221
1222,Bob,27,Finance,31222
1223,Emma,28,Sales,31223
1224,David,29,Marketing,31224
1225,Sophia,30,IT,31225
1226,Liam,31,HR,31226
1227,Olivia,32,Finance,31227
1228,James,33,Sales,31228
1229,Ava,34,Marketing,31229
1230,John,25,IT,31230
1231,Alice,26,HR,31231
1232,Bob,27,Finance,31232
1233,Emma,28,Sales,31233
1234,David,29,Marketing,31234
1235,Sophia,30,IT,31235
1236,Liam,31,HR,31236
1237,Olivia,32,Finance,31237
1238,James,33,Sales,31238
1239,Ava,34,Marketing,31239
1240,John,25,IT,31240
1241,Alice,26,HR,31241
1242,Bob,27,Finance,31242
1243,Emma,28,Sales,31243
1244,David,29,Marketing,31244
1245,Sophia,30,IT,31245
1246,Liam,31,HR,31246
1247,Olivia,32,Finance,31247
1248,James,33,Sales,31248
1249,Ava,34,Marketing,31249
1250,John,25,IT,31250
1251,Alice,26,HR,31251
1252,Bob,27,Finance,31252
1253,Emma,28,Sales,31253
1254,David,29,Marketing,31254
1255,Sophia,30,IT,31255
1256,Liam,31,HR,31256
1257,Olivia,32,Finance,31257
1258,James,33,Sales,31258
1259,Ava,34,Marketing,31259
1260,John,25,IT,31260
1261,Alice,26,HR,31261
1262,Bob,27,Finance,31262
1263,Emma,28,Sales,31263
1264,David,29,Marketing,31264
1265,Sophia,30,IT,31265
1266,Liam,31,HR,31266
1267,Olivia,32,Finance,31267
1268,James,33,Sales,31268
1269,Ava,34,Marketing,31269
1270,John,25,IT,31270
1271,Alice,26,HR,31271
1272,Bob,27,Finance,31272
1273,Emma,28,Sales,31273
1274,David,29,Marketing,31274
1275,Sophia,30,IT,31275
1276,Liam,31,HR,31276
1277,Olivia,32,Finance,31277
1278,James,33,Sales,31278
1279,Ava,34,Marketing,31279
1280,John,25,IT,31280
1281,Alice,26,HR,31281
1282,Bob,27,Finance,31282
1283,Emma,28,Sales,31283
1284,David,29,Marketing,31284
1285,Sophia,30,IT,31285
1286,Liam,31,HR,31286
1287,Olivia,32,Finance,31287
1288,James,33,Sales,31288
1289,Ava,34,Marketing,31289
1290,John,25,IT,31290
1291,Alice,26,HR,31291
1292,Bob,27,Finance,31292
1293,Emma,28,Sales,31293
1294,David,29,Marketing,31294
1295,Sophia,30,IT,31295
1296,Liam,31,HR,31296
1297,Olivia,32,Finance,31297
1298,James,33,Sales,31298
1299,Ava,34,Marketing,31299
1300,John,25,IT,31300
1301,Alice,26,HR,31301
1302,Bob,27,Finance,31302
1303,Emma,28,Sales,31303
1304,David,29,Marketing,31304
1305,Sophia,30,IT,31305
1306,Liam,31,HR,31306
1307,Olivia,32,Finance,31307
1308,James,33,Sales,31308
1309,Ava,34,Marketing,31309
1310,John,25,IT,31310
1311,Alice,26,HR,31311
1312,Bob,27,Finance,31312
1313,Emma,28,Sales,31313
1314,David,29,Marketing,31314
1315,Sophia,30,IT,31315
1316,Liam,31,HR,31316
1317,Olivia,32,Finance,31317
1318,James,33,Sales,31318
1319,Ava,34,Marketing,31319
1320,John,25,IT,31320
1321,Alice,26,HR,31321
1322,Bob,27,Finance,31322
1323,Emma,28,Sales,31323
1324,David,29,Marketing,31324
1325,Sophia,30,IT,31325
1326,Liam,31,HR,31326
1327,Olivia,32,Finance,31327
1328,James,33,Sales,31328
1329,Ava,34,Marketing,31329
1330,John,25,IT,31330
1331,Alice,26,HR,31331
1332,Bob,27,Finance,31332
1333,Emma,28,Sales,31333
1334,David,29,Marketing,31334
1335,Sophia,30,IT,31335
1336,Liam,31,HR,31336
1337,Olivia,32,Finance,31337
1338,James,33,Sales,31338
1339,Ava,34,Marketing,31339
1340,John,25,IT,31340
1341,Alice,26,HR,31341
1342,Bob,27,Finance,31342
1343,Emma,28,Sales,31343
1344,David,29,Marketing,31344
1345,Sophia,30,IT,31345
1346,Liam,31,HR,31346
1347,Olivia,32,Finance,31347
1348,James,33,Sales,31348
1349,Ava,34,Marketing,31349
1350,John,25,IT,31350
1351,Alice,26,HR,31351
1352,Bob,27,Finance,31352
1353,Emma,28,Sales,31353
1354,David,29,Marketing,31354
1355,Sophia,30,IT,31355
1356,Liam,31,HR,31356
1357,Olivia,32,Finance,31357
1358,James,33,Sales,31358
1359,Ava,34,Marketing,31359
1360,John,25,IT,31360
1361,Alice,26,HR,31361
1362,Bob,27,Finance,31362
1363,Emma,28,Sales,31363
1364,David,29,Marketing,31364
1365,Sophia,30,IT,31365
1366,Liam,31,HR,31366
1367,Olivia,32,Finance,31367
1368,James,33,Sales,31368
1369,Ava,34,Marketing,31369
1370,John,25,IT,31370
1371,Alice,26,HR,31371
1372,Bob,27,Finance,31372
1373,Emma,28,Sales,31373
1374,David,29,Marketing,31374
1375,Sophia,30,IT,31375
1376,Liam,31,HR,31376
1377,Olivia,32,Finance,31377
1378,James,33,Sales,31378
1379,Ava,34,Marketing,31379
1380,John,25,IT,31380
1381,Alice,26,HR,31381
1382,Bob,27,Finance,31382
1383,Emma,28,Sales,31383
1384,David,29,Marketing,31384
1385,Sophia,30,IT,31385
1386,Liam,31,HR,31386
1387,Olivia,32,Finance,31387
1388,James,33,Sales,31388
1389,Ava,34,Marketing,31389
1390,John,25,IT,31390
1391,Alice,26,HR,31391
1392,Bob,27,Finance,31392
1393,Emma,28,Sales,31393
1394,David,29,Marketing,31394
1395,Sophia,30,IT,31395
1396,Liam,31,HR,31396
1397,Olivia,32,Finance,31397
1398,James,33,Sales,31398
1399,Ava,34,Marketing,31399
1400,John,25,IT,31400
1401,Alice,26,HR,31401
1402,Bob,27,Finance,31402
1403,Emma,28,Sales,31403
1404,David,29,Marketing,31404
1405,Sophia,30,IT,31405
1406,Liam,31,HR,31406
1407,Olivia,32,Finance,31407
1408,James,33,Sales,31408
1409,Ava,34,Marketing,31409
1410,John,25,IT,31410
1411,Alice,26,HR,31411
1412,Bob,27,Finance,31412
1413,Emma,28,Sales,31413
1414,David,29,Marketing,31414
1415,Sophia,30,IT,31415
1416,Liam,31,HR,31416
1417,Olivia,32,Finance,31417
1418,James,33,Sales,31418
1419,Ava,34,Marketing,31419
1420,John,25,IT,31420
1421,Alice,26,HR,31421
1422,Bob,27,Finance,31422
1423,Emma,28,Sales,31423
1424,David,29,Marketing,31424
1425,Sophia,30,IT,31425
1426,Liam,31,HR,31426
1427,Olivia,32,Finance,31427
1428,James,33,Sales,31428
1429,Ava,34,Marketing,31429
1430,John,25,IT,31430
1431,Alice,26,HR,31431
1432,Bob,27,Finance,31432
1433,Emma,28,Sales,31433
1434,David,29,Marketing,31434
1435,Sophia,30,IT,31435
1436,Liam,31,HR,31436
1437,Olivia,32,Finance,31437
1438,James,33,Sales,31438
1439,Ava,34,Marketing,31439
1440,John,25,IT,31440
1441,Alice,26,HR,31441
1442,Bob,27,Finance,31442
1443,Emma,28,Sales,31443
1444,David,29,Marketing,31444
1445,Sophia,30,IT,31445
1446,Liam,31,HR,31446
1447,Olivia,32,Finance,31447
1448,James,33,Sales,31448
1449,Ava,34,Marketing,31449
1450,John,25,IT,31450
1451,Alice,26,HR,31451
1452,Bob,27,Finance,31452
1453,Emma,28,Sales,31453
1454,David,29,Marketing,31454
1455,Sophia,30,IT,31455
1456,Liam,31,HR,31456
1457,Olivia,32,Finance,31457
1458,James,33,Sales,31458
1459,Ava,34,Marketing,31459
1460,John,25,IT,31460
1461,Alice,26,HR,31461
1462,Bob,27,Finance,31462
1463,Emma,28,Sales,31463
1464,David,29,Marketing,31464
1465,Sophia,30,IT,31465
1466,Liam,31,HR,31466
1467,Olivia,32,Finance,31467
1468,James,33,Sales,31468
1469,Ava,34,Marketing,31469
1470,John,25,IT,31470
1471,Alice,26,HR,31471
1472,Bob,27,Finance,31472
1473,Emma,28,Sales,31473
1474,David,29,Marketing,31474
1475,Sophia,30,IT,31475
1476,Liam,31,HR,31476
1477,Olivia,32,Finance,31477
1478,James,33,Sales,31478
1479,Ava,34,Marketing,31479
1480,John,25,IT,31480
1481,Alice,26,HR,31481
1482,Bob,27,Finance,31482
1483,Emma,28,Sales,31483
1484,David,29,Marketing,31484
1485,Sophia,30,IT,31485
1486,Liam,31,HR,31486
1487,Olivia,32,Finance,31487
1488,James,33,Sales,31488
1489,Ava,34,Marketing,31489
1490,John,25,IT,31490
1491,Alice,26,HR,31491
1492,Bob,27,Finance,31492
1493,Emma,28,Sales,31493
1494,David,29,Marketing,31494
1495,Sophia,30,IT,31495
1496,Liam,31,HR,31496
1497,Olivia,32,Finance,31497
1498,James,33,Sales,31498
1499,Ava,34,Marketing,31499
1500,John,25,IT,31500
1501,Alice,26,HR,31501
1502,Bob,27,Finance,31502
1503,Emma,28,Sales,31503
1504,David,29,Marketing,31504
1505,Sophia,30,IT,31505
1506,Liam,31,HR,31506
1507,Olivia,32,Finance,31507
1508,James,33,Sales,31508
1509,Ava,34,Marketing,31509
1510,John,25,IT,31510
1511,Alice,26,HR,31511
1512,Bob,27,Finance,31512
1513,Emma,28,Sales,31513
1514,David,29,Marketing,31514
1515,Sophia,30,IT,31515
1516,Liam,31,HR,31516
1517,Olivia,32,Finance,31517
1518,James,33,Sales,31518
1519,Ava,34,Marketing,31519
1520,John,25,IT,31520
1521,Alice,26,HR,31521
1522,Bob,27,Finance,31522
1523,Emma,28,Sales,31523
1524,David,29,Marketing,31524
1525,Sophia,30,IT,31525
1526,Liam,31,HR,31526
1527,Olivia,32,Finance,31527
1528,James,33,Sales,31528
1529,Ava,34,Marketing,31529
1530,John,25,IT,31530
1531,Alice,26,HR,31531
1532,Bob,27,Finance,31532
1533,Emma,28,Sales,31533
1534,David,29,Marketing,31534
1535,Sophia,30,IT,31535
1536,Liam,31,HR,31536
1537,Olivia,32,Finance,31537
1538,James,33,Sales,31538
1539,Ava,34,Marketing,31539
1540,John,25,IT,31540
1541,Alice,26,HR,31541
1542,Bob,27,Finance,31542
1543,Emma,28,Sales,31543
1544,David,29,Marketing,31544
1545,Sophia,30,IT,31545
1546,Liam,31,HR,31546
1547,Olivia,32,Finance,31547
1548,James,33,Sales,31548
1549,Ava,34,Marketing,31549
1550,John,25,IT,31550
1551,Alice,26,HR,31551
1552,Bob,27,Finance,31552
1553,Emma,28,Sales,31553
1554,David,29,Marketing,31554
1555,Sophia,30,IT,31555
1556,Liam,31,HR,31556
1557,Olivia,32,Finance,31557
1558,James,33,Sales,31558
1559,Ava,34,Marketing,31559
1560,John,25,IT,31560
1561,Alice,26,HR,31561
1562,Bob,27,Finance,31562
1563,Emma,28,Sales,31563
1564,David,29,Marketing,31564
1565,Sophia,30,IT,31565
1566,Liam,31,HR,31566
1567,Olivia,32,Finance,31567
1568,James,33,Sales,31568
1569,Ava,34,Marketing,31569
1570,John,25,IT,31570
1571,Alice,26,HR,31571
1572,Bob,27,Finance,31572
1573,Emma,28,Sales,31573
1574,David,29,Marketing,31574
1575,Sophia,30,IT,31575
1576,Liam,31,HR,31576
1577,Olivia,32,Finance,31577
1578,James,33,Sales,31578
1579,Ava,34,Marketing,31579
1580,John,25,IT,31580
1581,Alice,26,HR,31581
1582,Bob,27,Finance,31582
1583,Emma,28,Sales,31583
1584,David,29,Marketing,31584
1585,Sophia,30,IT,31585
1586,Liam,31,HR,31586
1587,Olivia,32,Finance,31587
1588,James,33,Sales,31588
1589,Ava,34,Marketing,31589
1590,John,25,IT,31590
1591,Alice,26,HR,31591
1592,Bob,27,Finance,31592
1593,Emma,28,Sales,31593
1594,David,29,Marketing,31594
1595,Sophia,30,IT,31595
1596,Liam,31,HR,31596
1597,Olivia,32,Finance,31597
1598,James,33,Sales,31598
1599,Ava,34,Marketing,31599
1600,John,25,IT,31600
1601,Alice,26,HR,31601
1602,Bob,27,Finance,31602
1603,Emma,28,Sales,31603
1604,David,29,Marketing,31604
1605,Sophia,30,IT,31605
1606,Liam,31,HR,31606
1607,Olivia,32,Finance,31607
1608,James,33,Sales,31608
1609,Ava,34,Marketing,31609
1610,John,25,IT,31610
1611,Alice,26,HR,31611
1612,Bob,27,Finance,31612
1613,Emma,28,Sales,31613
1614,David,29,Marketing,31614
1615,Sophia,30,IT,31615
1616,Liam,31,HR,31616
1617,Olivia,32,Finance,31617
1618,James,33,Sales,31618
1619,Ava,34,Marketing,31619
1620,John,25,IT,31620
1621,Alice,26,HR,31621
1622,Bob,27,Finance,31622
1623,Emma,28,Sales,31623
1624,David,29,Marketing,31624
1625,Sophia,30,IT,31625
1626,Liam,31,HR,31626
1627,Olivia,32,Finance,31627
1628,James,33,Sales,31628
1629,Ava,34,Marketing,31629
1630,John,25,IT,31630
1631,Alice,26,HR,31631
1632,Bob,27,Finance,31632
1633,Emma,28,Sales,31633
1634,David,29,Marketing,31634
1635,Sophia,30,IT,31635
1636,Liam,31,HR,31636
1637,Olivia,32,Finance,31637
1638,James,33,Sales,31638
1639,Ava,34,Marketing,31639
1640,John,25,IT,31640
1641,Alice,26,HR,31641
1642,Bob,27,Finance,31642
1643,Emma,28,Sales,31643
1644,David,29,Marketing,31644
1645,Sophia,30,IT,31645
1646,Liam,31,HR,31646
1647,Olivia,32,Finance,31647
1648,James,33,Sales,31648
1649,Ava,34,Marketing,31649
1650,John,25,IT,31650
1651,Alice,26,HR,31651
1652,Bob,27,Finance,31652
1653,Emma,28,Sales,31653
1654,David,29,Marketing,31654
1655,Sophia,30,IT,31655
1656,Liam,31,HR,31656
1657,Olivia,32,Finance,31657
1658,James,33,Sales,31658
1659,Ava,34,Marketing,31659
1660,John,25,IT,31660
1661,Alice,26,HR,31661
1662,Bob,27,Finance,31662
1663,Emma,28,Sales,31663
1664,David,29,Marketing,31664
1665,Sophia,30,IT,31665
1666,Liam,31,HR,31666
1667,Olivia,32,Finance,31667
1668,James,33,Sales,31668
1669,Ava,34,Marketing,31669
1670,John,25,IT,31670
1671,Alice,26,HR,31671
1672,Bob,27,Finance,31672
1673,Emma,28,Sales,31673
1674,David,29,Marketing,31674
1675,Sophia,30,IT,31675
1676,Liam,31,HR,31676
1677,Olivia,32,Finance,31677
1678,James,33,Sales,31678
1679,Ava,34,Marketing,31679
1680,John,25,IT,31680
1681,Alice,26,HR,31681
1682,Bob,27,Finance,31682
1683,Emma,28,Sales,31683
1684,David,29,Marketing,31684
1685,Sophia,30,IT,31685
1686,Liam,31,HR,31686
1687,Olivia,32,Finance,31687
1688,James,33,Sales,31688
1689,Ava,34,Marketing,31689
1690,John,25,IT,31690
1691,Alice,26,HR,31691
1692,Bob,27,Finance,31692
1693,Emma,28,Sales,31693
1694,David,29,Marketing,31694
1695,Sophia,30,IT,31695
1696,Liam,31,HR,31696
1697,Olivia,32,Finance,31697
1698,James,33,Sales,31698
1699,Ava,34,Marketing,31699
1700,John,25,IT,31700
1701,Alice,26,HR,31701
1702,Bob,27,Finance,31702
1703,Emma,28,Sales,31703
1704,David,29,Marketing,31704
1705,Sophia,30,IT,31705
1706,Liam,31,HR,31706
1707,Olivia,32,Finance,31707
1708,James,33,Sales,31708
1709,Ava,34,Marketing,31709
1710,John,25,IT,31710
1711,Alice,26,HR,31711
1712,Bob,27,Finance,31712
1713,Emma,28,Sales,31713
1714,David,29,Marketing,31714
1715,Sophia,30,IT,31715
1716,Liam,31,HR,31716
1717,Olivia,32,Finance,31717
1718,James,33,Sales,31718
1719,Ava,34,Marketing,31719
1720,John,25,IT,31720
1721,Alice,26,HR,31721
1722,Bob,27,Finance,31722
1723,Emma,28,Sales,31723
1724,David,29,Marketing,31724
1725,Sophia,30,IT,31725
1726,Liam,31,HR,31726
1727,Olivia,32,Finance,31727
1728,James,33,Sales,31728
1729,Ava,34,Marketing,31729
1730,John,25,IT,31730
1731,Alice,26,HR,31731
1732,Bob,27,Finance,31732
1733,Emma,28,Sales,31733
1734,David,29,Marketing,31734
1735,Sophia,30,IT,31735
1736,Liam,31,HR,31736
1737,Olivia,32,Finance,31737
1738,James,33,Sales,31738
1739,Ava,34,Marketing,31739
1740,John,25,IT,31740
1741,Alice,26,HR,31741
1742,Bob,27,Finance,31742
1743,Emma,28,Sales,31743
1744,David,29,Marketing,31744
1745,Sophia,30,IT,31745
1746,Liam,31,HR,31746
1747,Olivia,32,Finance,31747
1748,James,33,Sales,31748
1749,Ava,34,Marketing,31749
1750,John,25,IT,31750
1751,Alice,26,HR,31751
1752,Bob,27,Finance,31752
1753,Emma,28,Sales,31753
1754,David,29,Marketing,31754
1755,Sophia,30,IT,31755
1756,Liam,31,HR,31756
1757,Olivia,32,Finance,31757
1758,James,33,Sales,31758
1759,Ava,34,Marketing,31759
1760,John,25,IT,31760
1761,Alice,26,HR,31761
1762,Bob,27,Finance,31762
1763,Emma,28,Sales,31763
1764,David,29,Marketing,31764
1765,Sophia,30,IT,31765
1766,Liam,31,HR,31766
1767,Olivia,32,Finance,31767
1768,James,33,Sales,31768
1769,Ava,34,Marketing,31769
1770,John,25,IT,31770
1771,Alice,26,HR,31771
1772,Bob,27,Finance,31772
1773,Emma,28,Sales,31773
1774,David,29,Marketing,31774
1775,Sophia,30,IT,31775
1776,Liam,31,HR,31776
1777,Olivia,32,Finance,31777
1778,James,33,Sales,31778
1779,Ava,34,Marketing,31779
1780,John,25,IT,31780
1781,Alice,26,HR,31781
1782,Bob,27,Finance,31782
1783,Emma,28,Sales,31783
1784,David,29,Marketing,31784
1785,Sophia,30,IT,31785
1786,Liam,31,HR,31786
1787,Olivia,32,Finance,31787
1788,James,33,Sales,31788
1789,Ava,34,Marketing,31789
1790,John,25,IT,31790
1791,Alice,26,HR,31791
1792,Bob,27,Finance,31792
1793,Emma,28,Sales,31793
1794,David,29,Marketing,31794
1795,Sophia,30,IT,31795
1796,Liam,31,HR,31796
1797,Olivia,32,Finance,31797
1798,James,33,Sales,31798
1799,Ava,34,Marketing,31799
1800,John,25,IT,31800
1801,Alice,26,HR,31801
1802,Bob,27,Finance,31802
1803,Emma,28,Sales,31803
1804,David,29,Marketing,31804
1805,Sophia,30,IT,31805
1806,Liam,31,HR,31806
1807,Olivia,32,Finance,31807
1808,James,33,Sales,31808
1809,Ava,34,Marketing,31809
1810,John,25,IT,31810
1811,Alice,26,HR,31811
1812,Bob,27,Finance,31812
1813,Emma,28,Sales,31813
1814,David,29,Marketing,31814
1815,Sophia,30,IT,31815
1816,Liam,31,HR,31816
1817,Olivia,32,Finance,31817
1818,James,33,Sales,31818
1819,Ava,34,Marketing,31819
1820,John,25,IT,31820
1821,Alice,26,HR,31821
1822,Bob,27,Finance,31822
1823,Emma,28,Sales,31823
1824,David,29,Marketing,31824
1825,Sophia,30,IT,31825
1826,Liam,31,HR,31826
1827,Olivia,32,Finance,31827
1828,James,33,Sales,31828
1829,Ava,34,Marketing,31829
1830,John,25,IT,31830
1831,Alice,26,HR,31831
1832,Bob,27,Finance,31832
1833,Emma,28,Sales,31833
1834,David,29,Marketing,31834
1835,Sophia,30,IT,31835
1836,Liam,31,HR,31836
1837,Olivia,32,Finance,31837
1838,James,33,Sales,31838
1839,Ava,34,Marketing,31839
1840,John,25,IT,31840
1841,Alice,26,HR,31841
1842,Bob,27,Finance,31842
1843,Emma,28,Sales,31843
1844,David,29,Marketing,31844
1845,Sophia,30,IT,31845
1846,Liam,31,HR,31846
1847,Olivia,32,Finance,31847
1848,James,33,Sales,31848
1849,Ava,34,Marketing,31849
1850,John,25,IT,31850
1851,Alice,26,HR,31851
1852,Bob,27,Finance,31852
1853,Emma,28,Sales,31853
1854,David,29,Marketing,31854
1855,Sophia,30,IT,31855
1856,Liam,31,HR,31856
1857,Olivia,32,Finance,31857
1858,James,33,Sales,31858
1859,Ava,34,Marketing,31859
1860,John,25,IT,31860
1861,Alice,26,HR,31861
1862,Bob,27,Finance,31862
1863,Emma,28,Sales,31863
1864,David,29,Marketing,31864
1865,Sophia,30,IT,31865
1866,Liam,31,HR,31866
1867,Olivia,32,Finance,31867
1868,James,33,Sales,31868
1869,Ava,34,Marketing,31869
1870,John,25,IT,31870
1871,Alice,26,HR,31871
1872,Bob,27,Finance,31872
1873,Emma,28,Sales,31873
1874,David,29,Marketing,31874
1875,Sophia,30,IT,31875
1876,Liam,31,HR,31876
1877,Olivia,32,Finance,31877
1878,James,33,Sales,31878
1879,Ava,34,Marketing,31879
1880,John,25,IT,31880
1881,Alice,26,HR,31881
1882,Bob,27,Finance,31882
1883,Emma,28,Sales,31883
1884,David,29,Marketing,31884
1885,Sophia,30,IT,31885
1886,Liam,31,HR,31886
1887,Olivia,32,Finance,31887
1888,James,33,Sales,31888
1889,Ava,34,Marketing,31889
1890,John,25,IT,31890
1891,Alice,26,HR,31891
1892,Bob,27,Finance,31892
1893,Emma,28,Sales,31893
1894,David,29,Marketing,31894
1895,Sophia,30,IT,31895
1896,Liam,31,HR,31896
1897,Olivia,32,Finance,31897
1898,James,33,Sales,31898
1899,Ava,34,Marketing,31899
1900,John,25,IT,31900
1901,Alice,26,HR,31901
1902,Bob,27,Finance,31902
1903,Emma,28,Sales,31903
1904,David,29,Marketing,31904
1905,Sophia,30,IT,31905
1906,Liam,31,HR,31906
1907,Olivia,32,Finance,31907
1908,James,33,Sales,31908
1909,Ava,34,Marketing,31909
1910,John,25,IT,31910
1911,Alice,26,HR,31911
1912,Bob,27,Finance,31912
1913,Emma,28,Sales,31913
1914,David,29,Marketing,31914
1915,Sophia,30,IT,31915
1916,Liam,31,HR,31916
1917,Olivia,32,Finance,31917
1918,James,33,Sales,31918
1919,Ava,34,Marketing,31919
1920,John,25,IT,31920
1921,Alice,26,HR,31921
1922,Bob,27,Finance,31922
1923,Emma,28,Sales,31923
1924,David,29,Marketing,31924
1925,Sophia,30,IT,31925
1926,Liam,31,HR,31926
1927,Olivia,32,Finance,31927
1928,James,33,Sales,31928
1929,Ava,34,Marketing,31929
1930,John,25,IT,31930
1931,Alice,26,HR,31931
1932,Bob,27,Finance,31932
1933,Emma,28,Sales,31933
1934,David,29,Marketing,31934
1935,Sophia,30,IT,31935
1936,Liam,31,HR,31936
1937,Olivia,32,Finance,31937
1938,James,33,Sales,31938
1939,Ava,34,Marketing,31939
1940,John,25,IT,31940
1941,Alice,26,HR,31941
1942,Bob,27,Finance,31942
1943,Emma,28,Sales,31943
1944,David,29,Marketing,31944
1945,Sophia,30,IT,31945
1946,Liam,31,HR,31946
1947,Olivia,32,Finance,31947
1948,James,33,Sales,31948
1949,Ava,34,Marketing,31949
1950,John,25,IT,31950
1951,Alice,26,HR,31951
1952,Bob,27,Finance,31952
1953,Emma,28,Sales,31953
1954,David,29,Marketing,31954
1955,Sophia,30,IT,31955
1956,Liam,31,HR,31956
1957,Olivia,32,Finance,31957
1958,James,33,Sales,31958
1959,Ava,34,Marketing,31959
1960,John,25,IT,31960
1961,Alice,26,HR,31961
1962,Bob,27,Finance,31962
1963,Emma,28,Sales,31963
1964,David,29,Marketing,31964
1965,Sophia,30,IT,31965
1966,Liam,31,HR,31966
1967,Olivia,32,Finance,31967
1968,James,33,Sales,31968
1969,Ava,34,Marketing,31969
1970,John,25,IT,31970
1971,Alice,26,HR,31971
1972,Bob,27,Finance,31972
1973,Emma,28,Sales,31973
1974,David,29,Marketing,31974
1975,Sophia,30,IT,31975
1976,Liam,31,HR,31976
1977,Olivia,32,Finance,31977
1978,James,33,Sales,31978
1979,Ava,34,Marketing,31979
1980,John,25,IT,31980
1981,Alice,26,HR,31981
1982,Bob,27,Finance,31982
1983,Emma,28,Sales,31983
1984,David,29,Marketing,31984
1985,Sophia,30,IT,31985
1986,Liam,31,HR,31986
1987,Olivia,32,Finance,31987
1988,James,33,Sales,31988
1989,Ava,34,Marketing,31989
1990,John,25,IT,31990
1991,Alice,26,HR,31991
1992,Bob,27,Finance,31992
1993,Emma,28,Sales,31993
1994,David,29,Marketing,31994
1995,Sophia,30,IT,31995
1996,Liam,31,HR,31996
1997,Olivia,32,Finance,31997
1998,James,33,Sales,31998
1999,Ava,34,Marketing,31999
2000,John,25,IT,32000
2001,Alice,26,HR,32001
2002,Bob,27,Finance,32002
2003,Emma,28,Sales,32003
2004,David,29,Marketing,32004
2005,Sophia,30,IT,32005
2006,Liam,31,HR,32006
2007,Olivia,32,Finance,32007
2008,James,33,Sales,32008
2009,Ava,34,Marketing,32009
2010,John,25,IT,32010
2011,Alice,26,HR,32011
2012,Bob,27,Finance,32012
2013,Emma,28,Sales,32013
2014,David,29,Marketing,32014
2015,Sophia,30,IT,32015
2016,Liam,31,HR,32016
2017,Olivia,32,Finance,32017
2018,James,33,Sales,32018
2019,Ava,34,Marketing,32019
2020,John,25,IT,32020
2021,Alice,26,HR,32021
2022,Bob,27,Finance,32022
2023,Emma,28,Sales,32023
2024,David,29,Marketing,32024
2025,Sophia,30,IT,32025
2026,Liam,31,HR,32026
2027,Olivia,32,Finance,32027
2028,James,33,Sales,32028
2029,Ava,34,Marketing,32029
2030,John,25,IT,32030
2031,Alice,26,HR,32031
2032,Bob,27,Finance,32032
2033,Emma,28,Sales,32033
2034,David,29,Marketing,32034
2035,Sophia,30,IT,32035
2036,Liam,31,HR,32036
2037,Olivia,32,Finance,32037
2038,James,33,Sales,32038
2039,Ava,34,Marketing,32039
2040,John,25,IT,32040
2041,Alice,26,HR,32041
2042,Bob,27,Finance,32042
2043,Emma,28,Sales,32043
2044,David,29,Marketing,32044
2045,Sophia,30,IT,32045
2046,Liam,31,HR,32046
2047,Olivia,32,Finance,32047
2048,James,33,Sales,32048
2049,Ava,34,Marketing,32049
2050,John,25,IT,32050
2051,Alice,26,HR,32051
2052,Bob,27,Finance,32052
2053,Emma,28,Sales,32053
2054,David,29,Marketing,32054
2055,Sophia,30,IT,32055
2056,Liam,31,HR,32056
2057,Olivia,32,Finance,32057
2058,James,33,Sales,32058
2059,Ava,34,Marketing,32059
2060,John,25,IT,32060
2061,Alice,26,HR,32061
2062,Bob,27,Finance,32062
2063,Emma,28,Sales,32063
2064,David,29,Marketing,32064
2065,Sophia,30,IT,32065
2066,Liam,31,HR,32066
2067,Olivia,32,Finance,32067
2068,James,33,Sales,32068
2069,Ava,34,Marketing,32069
2070,John,25,IT,32070
2071,Alice,26,HR,32071
2072,Bob,27,Finance,32072
2073,Emma,28,Sales,32073
2074,David,29,Marketing,32074
2075,Sophia,30,IT,32075
2076,Liam,31,HR,32076
2077,Olivia,32,Finance,32077
2078,James,33,Sales,32078
2079,Ava,34,Marketing,32079
2080,John,25,IT,32080
2081,Alice,26,HR,32081
2082,Bob,27,Finance,32082
2083,Emma,28,Sales,32083
2084,David,29,Marketing,32084
2085,Sophia,30,IT,32085
2086,Liam,31,HR,32086
2087,Olivia,32,Finance,32087
2088,James,33,Sales,32088
2089,Ava,34,Marketing,32089
2090,John,25,IT,32090
2091,Alice,26,HR,32091
2092,Bob,27,Finance,32092
2093,Emma,28,Sales,32093
2094,David,29,Marketing,32094
2095,Sophia,30,IT,32095
2096,Liam,31,HR,32096
2097,Olivia,32,Finance,32097
2098,James,33,Sales,32098
2099,Ava,34,Marketing,32099
2100,John,25,IT,32100
2101,Alice,26,HR,32101
2102,Bob,27,Finance,32102
2103,Emma,28,Sales,32103
2104,David,29,Marketing,32104
2105,Sophia,30,IT,32105
2106,Liam,31,HR,32106
2107,Olivia,32,Finance,32107
2108,James,33,Sales,32108
2109,Ava,34,Marketing,32109
2110,John,25,IT,32110
2111,Alice,26,HR,32111
2112,Bob,27,Finance,32112
2113,Emma,28,Sales,32113
2114,David,29,Marketing,32114
2115,Sophia,30,IT,32115
2116,Liam,31,HR,32116
2117,Olivia,32,Finance,32117
2118,James,33,Sales,32118
2119,Ava,34,Marketing,32119
2120,John,25,IT,32120
2121,Alice,26,HR,32121
2122,Bob,27,Finance,32122
2123,Emma,28,Sales,32123
2124,David,29,Marketing,32124
2125,Sophia,30,IT,32125
2126,Liam,31,HR,32126
2127,Olivia,32,Finance,32127
2128,James,33,Sales,32128
2129,Ava,34,Marketing,32129
2130,John,25,IT,32130
2131,Alice,26,HR,32131
2132,Bob,27,Finance,32132
2133,Emma,28,Sales,32133
2134,David,29,Marketing,32134
2135,Sophia,30,IT,32135
2136,Liam,31,HR,32136
2137,Olivia,32,Finance,32137
2138,James,33,Sales,32138
2139,Ava,34,Marketing,32139
2140,John,25,IT,32140
2141,Alice,26,HR,32141
2142,Bob,27,Finance,32142
2143,Emma,28,Sales,32143
2144,David,29,Marketing,32144
2145,Sophia,30,IT,32145
2146,Liam,31,HR,32146
2147,Olivia,32,Finance,32147
2148,James,33,Sales,32148
2149,Ava,34,Marketing,32149
2150,John,25,IT,32150
2151,Alice,26,HR,32151
2152,Bob,27,Finance,32152
2153,Emma,28,Sales,32153
2154,David,29,Marketing,32154
2155,Sophia,30,IT,32155
2156,Liam,31,HR,32156
2157,Olivia,32,Finance,32157
2158,James,33,Sales,32158
2159,Ava,34,Marketing,32159
2160,John,25,IT,32160
2161,Alice,26,HR,32161
2162,Bob,27,Finance,32162
2163,Emma,28,Sales,32163
2164,David,29,Marketing,32164
2165,Sophia,30,IT,32165
2166,Liam,31,HR,32166
2167,Olivia,32,Finance,32167
2168,James,33,Sales,32168
2169,Ava,34,Marketing,32169
2170,John,25,IT,32170
2171,Alice,26,HR,32171
2172,Bob,27,Finance,32172
2173,Emma,28,Sales,32173
2174,David,29,Marketing,32174
2175,Sophia,30,IT,32175
2176,Liam,31,HR,32176
2177,Olivia,32,Finance,32177
2178,James,33,Sales,32178
2179,Ava,34,Marketing,32179
2180,John,25,IT,32180
2181,Alice,26,HR,32181
2182,Bob,27,Finance,32182
2183,Emma,28,Sales,32183
2184,David,29,Marketing,32184
2185,Sophia,30,IT,32185
2186,Liam,31,HR,32186
2187,Olivia,32,Finance,32187
2188,James,33,Sales,32188
2189,Ava,34,Marketing,32189
2190,John,25,IT,32190
2191,Alice,26,HR,32191
2192,Bob,27,Finance,32192
2193,Emma,28,Sales,32193
2194,David,29,Marketing,32194
2195,Sophia,30,IT,32195
2196,Liam,31,HR,32196
2197,Olivia,32,Finance,32197
2198,James,33,Sales,32198
2199,Ava,34,Marketing,32199
2200,John,25,IT,32200
2201,Alice,26,HR,32201
2202,Bob,27,Finance,32202
2203,Emma,28,Sales,32203
2204,David,29,Marketing,32204
2205,Sophia,30,IT,32205
2206,Liam,31,HR,32206
2207,Olivia,32,Finance,32207
2208,James,33,Sales,32208
2209,Ava,34,Marketing,32209
2210,John,25,IT,32210
2211,Alice,26,HR,32211
2212,Bob,27,Finance,32212
2213,Emma,28,Sales,32213
2214,David,29,Marketing,32214
2215,Sophia,30,IT,32215
2216,Liam,31,HR,32216
2217,Olivia,32,Finance,32217
2218,James,33,Sales,32218
2219,Ava,34,Marketing,32219
2220,John,25,IT,32220
2221,Alice,26,HR,32221
2222,Bob,27,Finance,32222
2223,Emma,28,Sales,32223
2224,David,29,Marketing,32224
2225,Sophia,30,IT,32225
2226,Liam,31,HR,32226
2227,Olivia,32,Finance,32227
2228,James,33,Sales,32228
2229,Ava,34,Marketing,32229
2230,John,25,IT,32230
2231,Alice,26,HR,32231
2232,Bob,27,Finance,32232
2233,Emma,28,Sales,32233
2234,David,29,Marketing,32234
2235,Sophia,30,IT,32235
2236,Liam,31,HR,32236
2237,Olivia,32,Finance,32237
2238,James,33,Sales,32238
2239,Ava,34,Marketing,32239
2240,John,25,IT,32240
2241,Alice,26,HR,32241
2242,Bob,27,Finance,32242
2243,Emma,28,Sales,32243
2244,David,29,Marketing,32244
2245,Sophia,30,IT,32245
2246,Liam,31,HR,32246
2247,Olivia,32,Finance,32247
2248,James,33,Sales,32248
2249,Ava,34,Marketing,32249
2250,John,25,IT,32250
2251,Alice,26,HR,32251
2252,Bob,27,Finance,32252
2253,Emma,28,Sales,32253
2254,David,29,Marketing,32254
2255,Sophia,30,IT,32255
2256,Liam,31,HR,32256
2257,Olivia,32,Finance,32257
2258,James,33,Sales,32258
2259,Ava,34,Marketing,32259
2260,John,25,IT,32260
2261,Alice,26,HR,32261
2262,Bob,27,Finance,32262
2263,Emma,28,Sales,32263
2264,David,29,Marketing,32264
2265,Sophia,30,IT,32265
2266,Liam,31,HR,32266
2267,Olivia,32,Finance,32267
2268,James,33,Sales,32268
2269,Ava,34,Marketing,32269
2270,John,25,IT,32270
2271,Alice,26,HR,32271
2272,Bob,27,Finance,32272
2273,Emma,28,Sales,32273
2274,David,29,Marketing,32274
2275,Sophia,30,IT,32275
2276,Liam,31,HR,32276
2277,Olivia,32,Finance,32277
2278,James,33,Sales,32278
2279,Ava,34,Marketing,32279
2280,John,25,IT,32280
2281,Alice,26,HR,32281
2282,Bob,27,Finance,32282
2283,Emma,28,Sales,32283
2284,David,29,Marketing,32284
2285,Sophia,30,IT,32285
2286,Liam,31,HR,32286
2287,Olivia,32,Finance,32287
2288,James,33,Sales,32288
2289,Ava,34,Marketing,32289
2290,John,25,IT,32290
2291,Alice,26,HR,32291
2292,Bob,27,Finance,32292
2293,Emma,28,Sales,32293
2294,David,29,Marketing,32294
2295,Sophia,30,IT,32295
2296,Liam,31,HR,32296
2297,Olivia,32,Finance,32297
2298,James,33,Sales,32298
2299,Ava,34,Marketing,32299
2300,John,25,IT,32300
2301,Alice,26,HR,32301
2302,Bob,27,Finance,32302
2303,Emma,28,Sales,32303
2304,David,29,Marketing,32304
2305,Sophia,30,IT,32305
2306,Liam,31,HR,32306
2307,Olivia,32,Finance,32307
2308,James,33,Sales,32308
2309,Ava,34,Marketing,32309
2310,John,25,IT,32310
2311,Alice,26,HR,32311
2312,Bob,27,Finance,32312
2313,Emma,28,Sales,32313
2314,David,29,Marketing,32314
2315,Sophia,30,IT,32315
2316,Liam,31,HR,32316
2317,Olivia,32,Finance,32317
2318,James,33,Sales,32318
2319,Ava,34,Marketing,32319
2320,John,25,IT,32320
2321,Alice,26,HR,32321
2322,Bob,27,Finance,32322
2323,Emma,28,Sales,32323
2324,David,29,Marketing,32324
2325,Sophia,30,IT,32325
2326,Liam,31,HR,32326
2327,Olivia,32,Finance,32327
2328,James,33,Sales,32328
2329,Ava,34,Marketing,32329
2330,John,25,IT,32330
2331,Alice,26,HR,32331
2332,Bob,27,Finance,32332
2333,Emma,28,Sales,32333
2334,David,29,Marketing,32334
2335,Sophia,30,IT,32335
2336,Liam,31,HR,32336
2337,Olivia,32,Finance,32337
2338,James,33,Sales,32338
2339,Ava,34,Marketing,32339
2340,John,25,IT,32340
2341,Alice,26,HR,32341
2342,Bob,27,Finance,32342
2343,Emma,28,Sales,32343
2344,David,29,Marketing,32344
2345,Sophia,30,IT,32345
2346,Liam,31,HR,32346
2347,Olivia,32,Finance,32347
2348,James,33,Sales,32348
2349,Ava,34,Marketing,32349
2350,John,25,IT,32350
2351,Alice,26,HR,32351
2352,Bob,27,Finance,32352
2353,Emma,28,Sales,32353
2354,David,29,Marketing,32354
2355,Sophia,30,IT,32355
2356,Liam,31,HR,32356
2357,Olivia,32,Finance,32357
2358,James,33,Sales,32358
2359,Ava,34,Marketing,32359
2360,John,25,IT,32360
2361,Alice,26,HR,32361
2362,Bob,27,Finance,32362
2363,Emma,28,Sales,32363
2364,David,29,Marketing,32364
2365,Sophia,30,IT,32365
2366,Liam,31,HR,32366
2367,Olivia,32,Finance,32367
2368,James,33,Sales,32368
2369,Ava,34,Marketing,32369
2370,John,25,IT,32370
2371,Alice,26,HR,32371
2372,Bob,27,Finance,32372
2373,Emma,28,Sales,32373
2374,David,29,Marketing,32374
2375,Sophia,30,IT,32375
2376,Liam,31,HR,32376
2377,Olivia,32,Finance,32377
2378,James,33,Sales,32378
2379,Ava,34,Marketing,32379
2380,John,25,IT,32380
2381,Alice,26,HR,32381
2382,Bob,27,Finance,32382
2383,Emma,28,Sales,32383
2384,David,29,Marketing,32384
2385,Sophia,30,IT,32385
2386,Liam,31,HR,32386
2387,Olivia,32,Finance,32387
2388,James,33,Sales,32388
2389,Ava,34,Marketing,32389
2390,John,25,IT,32390
2391,Alice,26,HR,32391
2392,Bob,27,Finance,32392
2393,Emma,28,Sales,32393
2394,David,29,Marketing,32394
2395,Sophia,30,IT,32395
2396,Liam,31,HR,32396
2397,Olivia,32,Finance,32397
2398,James,33,Sales,32398
2399,Ava,34,Marketing,32399
2400,John,25,IT,32400
2401,Alice,26,HR,32401
2402,Bob,27,Finance,32402
2403,Emma,28,Sales,32403
2404,David,29,Marketing,32404
2405,Sophia,30,IT,32405
2406,Liam,31,HR,32406
2407,Olivia,32,Finance,32407
2408,James,33,Sales,32408
2409,Ava,34,Marketing,32409
2410,John,25,IT,32410
2411,Alice,26,HR,32411
2412,Bob,27,Finance,32412
2413,Emma,28,Sales,32413
2414,David,29,Marketing,32414
2415,Sophia,30,IT,32415
2416,Liam,31,HR,32416
2417,Olivia,32,Finance,32417
2418,James,33,Sales,32418
2419,Ava,34,Marketing,32419
2420,John,25,IT,32420
2421,Alice,26,HR,32421
2422,Bob,27,Finance,32422
2423,Emma,28,Sales,32423
2424,David,29,Marketing,32424
2425,Sophia,30,IT,32425
2426,Liam,31,HR,32426
2427,Olivia,32,Finance,32427
2428,James,33,Sales,32428
2429,Ava,34,Marketing,32429
2430,John,25,IT,32430
2431,Alice,26,HR,32431
2432,Bob,27,Finance,32432
2433,Emma,28,Sales,32433
2434,David,29,Marketing,32434
2435,Sophia,30,IT,32435
2436,Liam,31,HR,32436
2437,Olivia,32,Finance,32437
2438,James,33,Sales,32438
2439,Ava,34,Marketing,32439
2440,John,25,IT,32440
2441,Alice,26,HR,32441
2442,Bob,27,Finance,32442
2443,Emma,28,Sales,32443
2444,David,29,Marketing,32444
2445,Sophia,30,IT,32445
2446,Liam,31,HR,32446
2447,Olivia,32,Finance,32447
2448,James,33,Sales,32448
2449,Ava,34,Marketing,32449
2450,John,25,IT,32450
2451,Alice,26,HR,32451
2452,Bob,27,Finance,32452
2453,Emma,28,Sales,32453
2454,David,29,Marketing,32454
2455,Sophia,30,IT,32455
2456,Liam,31,HR,32456
2457,Olivia,32,Finance,32457
2458,James,33,Sales,32458
2459,Ava,34,Marketing,32459
2460,John,25,IT,32460
2461,Alice,26,HR,32461
2462,Bob,27,Finance,32462
2463,Emma,28,Sales,32463
2464,David,29,Marketing,32464
2465,Sophia,30,IT,32465
2466,Liam,31,HR,32466
2467,Olivia,32,Finance,32467
2468,James,33,Sales,32468
2469,Ava,34,Marketing,32469
2470,John,25,IT,32470
2471,Alice,26,HR,32471
2472,Bob,27,Finance,32472
2473,Emma,28,Sales,32473
2474,David,29,Marketing,32474
2475,Sophia,30,IT,32475
2476,Liam,31,HR,32476
2477,Olivia,32,Finance,32477
2478,James,33,Sales,32478
2479,Ava,34,Marketing,32479
2480,John,25,IT,32480
2481,Alice,26,HR,32481
2482,Bob,27,Finance,32482
2483,Emma,28,Sales,32483
2484,David,29,Marketing,32484
2485,Sophia,30,IT,32485
2486,Liam,31,HR,32486
2487,Olivia,32,Finance,32487
2488,James,33,Sales,32488
2489,Ava,34,Marketing,32489
2490,John,25,IT,32490
2491,Alice,26,HR,32491
2492,Bob,27,Finance,32492
2493,Emma,28,Sales,32493
2494,David,29,Marketing,32494
2495,Sophia,30,IT,32495
2496,Liam,31,HR,32496
2497,Olivia,32,Finance,32497
2498,James,33,Sales,32498
2499,Ava,34,Marketing,32499
2500,John,25,IT,32500
2501,Alice,26,HR,32501
2502,Bob,27,Finance,32502
2503,Emma,28,Sales,32503
2504,David,29,Marketing,32504
2505,Sophia,30,IT,32505
2506,Liam,31,HR,32506
2507,Olivia,32,Finance,32507
2508,James,33,Sales,32508
2509,Ava,34,Marketing,32509
2510,John,25,IT,32510
2511,Alice,26,HR,32511
2512,Bob,27,Finance,32512
2513,Emma,28,Sales,32513
2514,David,29,Marketing,32514
2515,Sophia,30,IT,32515
2516,Liam,31,HR,32516
2517,Olivia,32,Finance,32517
2518,James,33,Sales,32518
2519,Ava,34,Marketing,32519
2520,John,25,IT,32520
2521,Alice,26,HR,32521
2522,Bob,27,Finance,32522
2523,Emma,28,Sales,32523
2524,David,29,Marketing,32524
2525,Sophia,30,IT,32525
2526,Liam,31,HR,32526
2527,Olivia,32,Finance,32527
2528,James,33,Sales,32528
2529,Ava,34,Marketing,32529
2530,John,25,IT,32530
2531,Alice,26,HR,32531
2532,Bob,27,Finance,32532
2533,Emma,28,Sales,32533
2534,David,29,Marketing,32534
2535,Sophia,30,IT,32535
2536,Liam,31,HR,32536
2537,Olivia,32,Finance,32537
2538,James,33,Sales,32538
2539,Ava,34,Marketing,32539
2540,John,25,IT,32540
2541,Alice,26,HR,32541
2542,Bob,27,Finance,32542
2543,Emma,28,Sales,32543
2544,David,29,Marketing,32544
2545,Sophia,30,IT,32545
2546,Liam,31,HR,32546
2547,Olivia,32,Finance,32547
2548,James,33,Sales,32548
2549,Ava,34,Marketing,32549
2550,John,25,IT,32550
2551,Alice,26,HR,32551
2552,Bob,27,Finance,32552
2553,Emma,28,Sales,32553
2554,David,29,Marketing,32554
2555,Sophia,30,IT,32555
2556,Liam,31,HR,32556
2557,Olivia,32,Finance,32557
2558,James,33,Sales,32558
2559,Ava,34,Marketing,32559
2560,John,25,IT,32560
2561,Alice,26,HR,32561
2562,Bob,27,Finance,32562
2563,Emma,28,Sales,32563
2564,David,29,Marketing,32564
2565,Sophia,30,IT,32565
2566,Liam,31,HR,32566
2567,Olivia,32,Finance,32567
2568,James,33,Sales,32568
2569,Ava,34,Marketing,32569
2570,John,25,IT,32570
2571,Alice,26,HR,32571
2572,Bob,27,Finance,32572
2573,Emma,28,Sales,32573
2574,David,29,Marketing,32574
2575,Sophia,30,IT,32575
2576,Liam,31,HR,32576
2577,Olivia,32,Finance,32577
2578,James,33,Sales,32578
2579,Ava,34,Marketing,32579
2580,John,25,IT,32580
2581,Alice,26,HR,32581
2582,Bob,27,Finance,32582
2583,Emma,28,Sales,32583
2584,David,29,Marketing,32584
2585,Sophia,30,IT,32585
2586,Liam,31,HR,32586
2587,Olivia,32,Finance,32587
2588,James,33,Sales,32588
2589,Ava,34,Marketing,32589
2590,John,25,IT,32590
2591,Alice,26,HR,32591
2592,Bob,27,Finance,32592
2593,Emma,28,Sales,32593
2594,David,29,Marketing,32594
2595,Sophia,30,IT,32595
2596,Liam,31,HR,32596
2597,Olivia,32,Finance,32597
2598,James,33,Sales,32598
2599,Ava,34,Marketing,32599
2600,John,25,IT,32600
2601,Alice,26,HR,32601
2602,Bob,27,Finance,32602
2603,Emma,28,Sales,32603
2604,David,29,Marketing,32604
2605,Sophia,30,IT,32605
2606,Liam,31,HR,32606
2607,Olivia,32,Finance,32607
2608,James,33,Sales,32608
2609,Ava,34,Marketing,32609
2610,John,25,IT,32610
2611,Alice,26,HR,32611
2612,Bob,27,Finance,32612
2613,Emma,28,Sales,32613
2614,David,29,Marketing,32614
2615,Sophia,30,IT,32615
2616,Liam,31,HR,32616
2617,Olivia,32,Finance,32617
2618,James,33,Sales,32618
2619,Ava,34,Marketing,32619
2620,John,25,IT,32620
2621,Alice,26,HR,32621
2622,Bob,27,Finance,32622
2623,Emma,28,Sales,32623
2624,David,29,Marketing,32624
2625,Sophia,30,IT,32625
2626,Liam,31,HR,32626
2627,Olivia,32,Finance,32627
2628,James,33,Sales,32628
2629,Ava,34,Marketing,32629
2630,John,25,IT,32630
2631,Alice,26,HR,32631
2632,Bob,27,Finance,32632
2633,Emma,28,Sales,32633
2634,David,29,Marketing,32634
2635,Sophia,30,IT,32635
2636,Liam,31,HR,32636
2637,Olivia,32,Finance,32637
2638,James,33,Sales,32638
2639,Ava,34,Marketing,32639
2640,John,25,IT,32640
2641,Alice,26,HR,32641
2642,Bob,27,Finance,32642
2643,Emma,28,Sales,32643
2644,David,29,Marketing,32644
2645,Sophia,30,IT,32645
2646,Liam,31,HR,32646
2647,Olivia,32,Finance,32647
2648,James,33,Sales,32648
2649,Ava,34,Marketing,32649
2650,John,25,IT,32650
2651,Alice,26,HR,32651
2652,Bob,27,Finance,32652
2653,Emma,28,Sales,32653
2654,David,29,Marketing,32654
2655,Sophia,30,IT,32655
2656,Liam,31,HR,32656
2657,Olivia,32,Finance,32657
2658,James,33,Sales,32658
2659,Ava,34,Marketing,32659
2660,John,25,IT,32660
2661,Alice,26,HR,32661
2662,Bob,27,Finance,32662
2663,Emma,28,Sales,32663
2664,David,29,Marketing,32664
2665,Sophia,30,IT,32665
2666,Liam,31,HR,32666
2667,Olivia,32,Finance,32667
2668,James,33,Sales,32668
2669,Ava,34,Marketing,32669
2670,John,25,IT,32670
2671,Alice,26,HR,32671
2672,Bob,27,Finance,32672
2673,Emma,28,Sales,32673
2674,David,29,Marketing,32674
2675,Sophia,30,IT,32675
2676,Liam,31,HR,32676
2677,Olivia,32,Finance,32677
2678,James,33,Sales,32678
2679,Ava,34,Marketing,32679
2680,John,25,IT,32680
2681,Alice,26,HR,32681
2682,Bob,27,Finance,32682
2683,Emma,28,Sales,32683
2684,David,29,Marketing,32684
2685,Sophia,30,IT,32685
2686,Liam,31,HR,32686
2687,Olivia,32,Finance,32687
2688,James,33,Sales,32688
2689,Ava,34,Marketing,32689
2690,John,25,IT,32690
2691,Alice,26,HR,32691
2692,Bob,27,Finance,32692
2693,Emma,28,Sales,32693
2694,David,29,Marketing,32694
2695,Sophia,30,IT,32695
2696,Liam,31,HR,32696
2697,Olivia,32,Finance,32697
2698,James,33,Sales,32698
2699,Ava,34,Marketing,32699
2700,John,25,IT,32700
2701,Alice,26,HR,32701
2702,Bob,27,Finance,32702
2703,Emma,28,Sales,32703
2704,David,29,Marketing,32704
2705,Sophia,30,IT,32705
2706,Liam,31,HR,32706
2707,Olivia,32,Finance,32707
2708,James,33,Sales,32708
2709,Ava,34,Marketing,32709
2710,John,25,IT,32710
2711,Alice,26,HR,32711
2712,Bob,27,Finance,32712
2713,Emma,28,Sales,32713
2714,David,29,Marketing,32714
2715,Sophia,30,IT,32715
2716,Liam,31,HR,32716
2717,Olivia,32,Finance,32717
2718,James,33,Sales,32718
2719,Ava,34,Marketing,32719
2720,John,25,IT,32720
2721,Alice,26,HR,32721
2722,Bob,27,Finance,32722
2723,Emma,28,Sales,32723
2724,David,29,Marketing,32724
2725,Sophia,30,IT,32725
2726,Liam,31,HR,32726
2727,Olivia,32,Finance,32727
2728,James,33,Sales,32728
2729,Ava,34,Marketing,32729
2730,John,25,IT,32730
2731,Alice,26,HR,32731
2732,Bob,27,Finance,32732
2733,Emma,28,Sales,32733
2734,David,29,Marketing,32734
2735,Sophia,30,IT,32735
2736,Liam,31,HR,32736
2737,Olivia,32,Finance,32737
2738,James,33,Sales,32738
2739,Ava,34,Marketing,32739
2740,John,25,IT,32740
2741,Alice,26,HR,32741
2742,Bob,27,Finance,32742
2743,Emma,28,Sales,32743
2744,David,29,Marketing,32744
2745,Sophia,30,IT,32745
2746,Liam,31,HR,32746
2747,Olivia,32,Finance,32747
2748,James,33,Sales,32748
2749,Ava,34,Marketing,32749
2750,John,25,IT,32750
2751,Alice,26,HR,32751
2752,Bob,27,Finance,32752
2753,Emma,28,Sales,32753
2754,David,29,Marketing,32754
2755,Sophia,30,IT,32755
2756,Liam,31,HR,32756
2757,Olivia,32,Finance,32757
2758,James,33,Sales,32758
2759,Ava,34,Marketing,32759
2760,John,25,IT,32760
2761,Alice,26,HR,32761
2762,Bob,27,Finance,32762
2763,Emma,28,Sales,32763
2764,David,29,Marketing,32764
2765,Sophia,30,IT,32765
2766,Liam,31,HR,32766
2767,Olivia,32,Finance,32767
2768,James,33,Sales,32768
2769,Ava,34,Marketing,32769
2770,John,25,IT,32770
2771,Alice,26,HR,32771
2772,Bob,27,Finance,32772
2773,Emma,28,Sales,32773
2774,David,29,Marketing,32774
2775,Sophia,30,IT,32775
2776,Liam,31,HR,32776
2777,Olivia,32,Finance,32777
2778,James,33,Sales,32778
2779,Ava,34,Marketing,32779
2780,John,25,IT,32780
2781,Alice,26,HR,32781
2782,Bob,27,Finance,32782
2783,Emma,28,Sales,32783
2784,David,29,Marketing,32784
2785,Sophia,30,IT,32785
2786,Liam,31,HR,32786
2787,Olivia,32,Finance,32787
2788,James,33,Sales,32788
2789,Ava,34,Marketing,32789
2790,John,25,IT,32790
2791,Alice,26,HR,32791
2792,Bob,27,Finance,32792
2793,Emma,28,Sales,32793
2794,David,29,Marketing,32794
2795,Sophia,30,IT,32795
2796,Liam,31,HR,32796
2797,Olivia,32,Finance,32797
2798,James,33,Sales,32798
2799,Ava,34,Marketing,32799
2800,John,25,IT,32800
2801,Alice,26,HR,32801
2802,Bob,27,Finance,32802
2803,Emma,28,Sales,32803
2804,David,29,Marketing,32804
2805,Sophia,30,IT,32805
2806,Liam,31,HR,32806
2807,Olivia,32,Finance,32807
2808,James,33,Sales,32808
2809,Ava,34,Marketing,32809
2810,John,25,IT,32810
2811,Alice,26,HR,32811
2812,Bob,27,Finance,32812
2813,Emma,28,Sales,32813
2814,David,29,Marketing,32814
2815,Sophia,30,IT,32815
2816,Liam,31,HR,32816
2817,Olivia,32,Finance,32817
2818,James,33,Sales,32818
2819,Ava,34,Marketing,32819
2820,John,25,IT,32820
2821,Alice,26,HR,32821
2822,Bob,27,Finance,32822
2823,Emma,28,Sales,32823
2824,David,29,Marketing,32824
2825,Sophia,30,IT,32825
2826,Liam,31,HR,32826
2827,Olivia,32,Finance,32827
2828,James,33,Sales,32828
2829,Ava,34,Marketing,32829
2830,John,25,IT,32830
2831,Alice,26,HR,32831
2832,Bob,27,Finance,32832
2833,Emma,28,Sales,32833
2834,David,29,Marketing,32834
2835,Sophia,30,IT,32835
2836,Liam,31,HR,32836
2837,Olivia,32,Finance,32837
2838,James,33,Sales,32838
2839,Ava,34,Marketing,32839
2840,John,25,IT,32840
2841,Alice,26,HR,32841
2842,Bob,27,Finance,32842
2843,Emma,28,Sales,32843
2844,David,29,Marketing,32844
2845,Sophia,30,IT,32845
2846,Liam,31,HR,32846
2847,Olivia,32,Finance,32847
2848,James,33,Sales,32848
2849,Ava,34,Marketing,32849
2850,John,25,IT,32850
2851,Alice,26,HR,32851
2852,Bob,27,Finance,32852
2853,Emma,28,Sales,32853
2854,David,29,Marketing,32854
2855,Sophia,30,IT,32855
2856,Liam,31,HR,32856
2857,Olivia,32,Finance,32857
2858,James,33,Sales,32858
2859,Ava,34,Marketing,32859
2860,John,25,IT,32860
2861,Alice,26,HR,32861
2862,Bob,27,Finance,32862
2863,Emma,28,Sales,32863
2864,David,29,Marketing,32864
2865,Sophia,30,IT,32865
2866,Liam,31,HR,32866
2867,Olivia,32,Finance,32867
2868,James,33,Sales,32868
2869,Ava,34,Marketing,32869
2870,John,25,IT,32870
2871,Alice,26,HR,32871
2872,Bob,27,Finance,32872
2873,Emma,28,Sales,32873
2874,David,29,Marketing,32874
2875,Sophia,30,IT,32875
2876,Liam,31,HR,32876
2877,Olivia,32,Finance,32877
2878,James,33,Sales,32878
2879,Ava,34,Marketing,32879
2880,John,25,IT,32880
2881,Alice,26,HR,32881
2882,Bob,27,Finance,32882
2883,Emma,28,Sales,32883
2884,David,29,Marketing,32884
2885,Sophia,30,IT,32885
2886,Liam,31,HR,32886
2887,Olivia,32,Finance,32887
2888,James,33,Sales,32888
2889,Ava,34,Marketing,32889
2890,John,25,IT,32890
2891,Alice,26,HR,32891
2892,Bob,27,Finance,32892
2893,Emma,28,Sales,32893
2894,David,29,Marketing,32894
2895,Sophia,30,IT,32895
2896,Liam,31,HR,32896
2897,Olivia,32,Finance,32897
2898,James,33,Sales,32898
2899,Ava,34,Marketing,32899
2900,John,25,IT,32900
2901,Alice,26,HR,32901
2902,Bob,27,Finance,32902
2903,Emma,28,Sales,32903
2904,David,29,Marketing,32904
2905,Sophia,30,IT,32905
2906,Liam,31,HR,32906
2907,Olivia,32,Finance,32907
2908,James,33,Sales,32908
2909,Ava,34,Marketing,32909
2910,John,25,IT,32910
2911,Alice,26,HR,32911
2912,Bob,27,Finance,32912
2913,Emma,28,Sales,32913
2914,David,29,Marketing,32914
2915,Sophia,30,IT,32915
2916,Liam,31,HR,32916
2917,Olivia,32,Finance,32917
2918,James,33,Sales,32918
2919,Ava,34,Marketing,32919
2920,John,25,IT,32920
2921,Alice,26,HR,32921
2922,Bob,27,Finance,32922
2923,Emma,28,Sales,32923
2924,David,29,Marketing,32924
2925,Sophia,30,IT,32925
2926,Liam,31,HR,32926
2927,Olivia,32,Finance,32927
2928,James,33,Sales,32928
2929,Ava,34,Marketing,32929
2930,John,25,IT,32930
2931,Alice,26,HR,32931
2932,Bob,27,Finance,32932
2933,Emma,28,Sales,32933
2934,David,29,Marketing,32934
2935,Sophia,30,IT,32935
2936,Liam,31,HR,32936
2937,Olivia,32,Finance,32937
2938,James,33,Sales,32938
2939,Ava,34,Marketing,32939
2940,John,25,IT,32940
2941,Alice,26,HR,32941
2942,Bob,27,Finance,32942
2943,Emma,28,Sales,32943
2944,David,29,Marketing,32944
2945,Sophia,30,IT,32945
2946,Liam,31,HR,32946
2947,Olivia,32,Finance,32947
2948,James,33,Sales,32948
2949,Ava,34,Marketing,32949
2950,John,25,IT,32950
2951,Alice,26,HR,32951
2952,Bob,27,Finance,32952
2953,Emma,28,Sales,32953
2954,David,29,Marketing,32954
2955,Sophia,30,IT,32955
2956,Liam,31,HR,32956
2957,Olivia,32,Finance,32957
2958,James,33,Sales,32958
2959,Ava,34,Marketing,32959
2960,John,25,IT,32960
2961,Alice,26,HR,32961
2962,Bob,27,Finance,32962
2963,Emma,28,Sales,32963
2964,David,29,Marketing,32964
2965,Sophia,30,IT,32965
2966,Liam,31,HR,32966
2967,Olivia,32,Finance,32967
2968,James,33,Sales,32968
2969,Ava,34,Marketing,32969
2970,John,25,IT,32970
2971,Alice,26,HR,32971
2972,Bob,27,Finance,32972
2973,Emma,28,Sales,32973
2974,David,29,Marketing,32974
2975,Sophia,30,IT,32975
2976,Liam,31,HR,32976
2977,Olivia,32,Finance,32977
2978,James,33,Sales,32978
2979,Ava,34,Marketing,32979
2980,John,25,IT,32980
2981,Alice,26,HR,32981
2982,Bob,27,Finance,32982
2983,Emma,28,Sales,32983
2984,David,29,Marketing,32984
2985,Sophia,30,IT,32985
2986,Liam,31,HR,32986
2987,Olivia,32,Finance,32987
2988,James,33,Sales,32988
2989,Ava,34,Marketing,32989
2990,John,25,IT,32990
2991,Alice,26,HR,32991
2992,Bob,27,Finance,32992
2993,Emma,28,Sales,32993
2994,David,29,Marketing,32994
2995,Sophia,30,IT,32995
2996,Liam,31,HR,32996
2997,Olivia,32,Finance,32997
2998,James,33,Sales,32998
2999,Ava,34,Marketing,32999
3000,John,25,IT,33000
3001,Alice,26,HR,33001
3002,Bob,27,Finance,33002
3003,Emma,28,Sales,33003
3004,David,29,Marketing,33004
3005,Sophia,30,IT,33005
3006,Liam,31,HR,33006
3007,Olivia,32,Finance,33007
3008,James,33,Sales,33008
3009,Ava,34,Marketing,33009
3010,John,25,IT,33010
3011,Alice,26,HR,33011
3012,Bob,27,Finance,33012
3013,Emma,28,Sales,33013
3014,David,29,Marketing,33014
3015,Sophia,30,IT,33015
3016,Liam,31,HR,33016
3017,Olivia,32,Finance,33017
3018,James,33,Sales,33018
3019,Ava,34,Marketing,33019
3020,John,25,IT,33020
3021,Alice,26,HR,33021
3022,Bob,27,Finance,33022
3023,Emma,28,Sales,33023
3024,David,29,Marketing,33024
3025,Sophia,30,IT,33025
3026,Liam,31,HR,33026
3027,Olivia,32,Finance,33027
3028,James,33,Sales,33028
3029,Ava,34,Marketing,33029
3030,John,25,IT,33030
3031,Alice,26,HR,33031
3032,Bob,27,Finance,33032
3033,Emma,28,Sales,33033
3034,David,29,Marketing,33034
3035,Sophia,30,IT,33035
3036,Liam,31,HR,33036
3037,Olivia,32,Finance,33037
3038,James,33,Sales,33038
3039,Ava,34,Marketing,33039
3040,John,25,IT,33040
3041,Alice,26,HR,33041
3042,Bob,27,Finance,33042
3043,Emma,28,Sales,33043
3044,David,29,Marketing,33044
3045,Sophia,30,IT,33045
3046,Liam,31,HR,33046
3047,Olivia,32,Finance,33047
3048,James,33,Sales,33048
3049,Ava,34,Marketing,33049
3050,John,25,IT,33050
3051,Alice,26,HR,33051
3052,Bob,27,Finance,33052
3053,Emma,28,Sales,33053
3054,David,29,Marketing,33054
3055,Sophia,30,IT,33055
3056,Liam,31,HR,33056
3057,Olivia,32,Finance,33057
3058,James,33,Sales,33058
3059,Ava,34,Marketing,33059
3060,John,25,IT,33060
3061,Alice,26,HR,33061
3062,Bob,27,Finance,33062
3063,Emma,28,Sales,33063
3064,David,29,Marketing,33064
3065,Sophia,30,IT,33065
3066,Liam,31,HR,33066
3067,Olivia,32,Finance,33067
3068,James,33,Sales,33068
3069,Ava,34,Marketing,33069
3070,John,25,IT,33070
3071,Alice,26,HR,33071
3072,Bob,27,Finance,33072
3073,Emma,28,Sales,33073
3074,David,29,Marketing,33074
3075,Sophia,30,IT,33075
3076,Liam,31,HR,33076
3077,Olivia,32,Finance,33077
3078,James,33,Sales,33078
3079,Ava,34,Marketing,33079
3080,John,25,IT,33080
3081,Alice,26,HR,33081
3082,Bob,27,Finance,33082
3083,Emma,28,Sales,33083
3084,David,29,Marketing,33084
3085,Sophia,30,IT,33085
3086,Liam,31,HR,33086
3087,Olivia,32,Finance,33087
3088,James,33,Sales,33088
3089,Ava,34,Marketing,33089
3090,John,25,IT,33090
3091,Alice,26,HR,33091
3092,Bob,27,Finance,33092
3093,Emma,28,Sales,33093
3094,David,29,Marketing,33094
3095,Sophia,30,IT,33095
3096,Liam,31,HR,33096
3097,Olivia,32,Finance,33097
3098,James,33,Sales,33098
3099,Ava,34,Marketing,33099
3100,John,25,IT,33100
3101,Alice,26,HR,33101
3102,Bob,27,Finance,33102
3103,Emma,28,Sales,33103
3104,David,29,Marketing,33104
3105,Sophia,30,IT,33105
3106,Liam,31,HR,33106
3107,Olivia,32,Finance,33107
3108,James,33,Sales,33108
3109,Ava,34,Marketing,33109
3110,John,25,IT,33110
3111,Alice,26,HR,33111
3112,Bob,27,Finance,33112
3113,Emma,28,Sales,33113
3114,David,29,Marketing,33114
3115,Sophia,30,IT,33115
3116,Liam,31,HR,33116
3117,Olivia,32,Finance,33117
3118,James,33,Sales,33118
3119,Ava,34,Marketing,33119
3120,John,25,IT,33120
3121,Alice,26,HR,33121
3122,Bob,27,Finance,33122
3123,Emma,28,Sales,33123
3124,David,29,Marketing,33124
3125,Sophia,30,IT,33125
3126,Liam,31,HR,33126
3127,Olivia,32,Finance,33127
3128,James,33,Sales,33128
3129,Ava,34,Marketing,33129
3130,John,25,IT,33130
3131,Alice,26,HR,33131
3132,Bob,27,Finance,33132
3133,Emma,28,Sales,33133
3134,David,29,Marketing,33134
3135,Sophia,30,IT,33135
3136,Liam,31,HR,33136
3137,Olivia,32,Finance,33137
3138,James,33,Sales,33138
3139,Ava,34,Marketing,33139
3140,John,25,IT,33140
3141,Alice,26,HR,33141
3142,Bob,27,Finance,33142
3143,Emma,28,Sales,33143
3144,David,29,Marketing,33144
3145,Sophia,30,IT,33145
3146,Liam,31,HR,33146
3147,Olivia,32,Finance,33147
3148,James,33,Sales,33148
3149,Ava,34,Marketing,33149
3150,John,25,IT,33150
3151,Alice,26,HR,33151
3152,Bob,27,Finance,33152
3153,Emma,28,Sales,33153
3154,David,29,Marketing,33154
3155,Sophia,30,IT,33155
3156,Liam,31,HR,33156
3157,Olivia,32,Finance,33157
3158,James,33,Sales,33158
3159,Ava,34,Marketing,33159
3160,John,25,IT,33160
3161,Alice,26,HR,33161
3162,Bob,27,Finance,33162
3163,Emma,28,Sales,33163
3164,David,29,Marketing,33164
3165,Sophia,30,IT,33165
3166,Liam,31,HR,33166
3167,Olivia,32,Finance,33167
3168,James,33,Sales,33168
3169,Ava,34,Marketing,33169
3170,John,25,IT,33170
3171,Alice,26,HR,33171
3172,Bob,27,Finance,33172
3173,Emma,28,Sales,33173
3174,David,29,Marketing,33174
3175,Sophia,30,IT,33175
3176,Liam,31,HR,33176
3177,Olivia,32,Finance,33177
3178,James,33,Sales,33178
3179,Ava,34,Marketing,33179
3180,John,25,IT,33180
3181,Alice,26,HR,33181
3182,Bob,27,Finance,33182
3183,Emma,28,Sales,33183
3184,David,29,Marketing,33184
3185,Sophia,30,IT,33185
3186,Liam,31,HR,33186
3187,Olivia,32,Finance,33187
3188,James,33,Sales,33188
3189,Ava,34,Marketing,33189
3190,John,25,IT,33190
3191,Alice,26,HR,33191
3192,Bob,27,Finance,33192
3193,Emma,28,Sales,33193
3194,David,29,Marketing,33194
3195,Sophia,30,IT,33195
3196,Liam,31,HR,33196
3197,Olivia,32,Finance,33197
3198,James,33,Sales,33198
3199,Ava,34,Marketing,33199
3200,John,25,IT,33200
3201,Alice,26,HR,33201
3202,Bob,27,Finance,33202
3203,Emma,28,Sales,33203
3204,David,29,Marketing,33204
3205,Sophia,30,IT,33205
3206,Liam,31,HR,33206
3207,Olivia,32,Finance,33207
3208,James,33,Sales,33208
3209,Ava,34,Marketing,33209
3210,John,25,IT,33210
3211,Alice,26,HR,33211
3212,Bob,27,Finance,33212
3213,Emma,28,Sales,33213
3214,David,29,Marketing,33214
3215,Sophia,30,IT,33215
3216,Liam,31,HR,33216
3217,Olivia,32,Finance,33217
3218,James,33,Sales,33218
3219,Ava,34,Marketing,33219
3220,John,25,IT,33220
3221,Alice,26,HR,33221
3222,Bob,27,Finance,33222
3223,Emma,28,Sales,33223
3224,David,29,Marketing,33224
3225,Sophia,30,IT,33225
3226,Liam,31,HR,33226
3227,Olivia,32,Finance,33227
3228,James,33,Sales,33228
3229,Ava,34,Marketing,33229
3230,John,25,IT,33230
3231,Alice,26,HR,33231
3232,Bob,27,Finance,33232
3233,Emma,28,Sales,33233
3234,David,29,Marketing,33234
3235,Sophia,30,IT,33235
3236,Liam,31,HR,33236
3237,Olivia,32,Finance,33237
3238,James,33,Sales,33238
3239,Ava,34,Marketing,33239
3240,John,25,IT,33240
3241,Alice,26,HR,33241
3242,Bob,27,Finance,33242
3243,Emma,28,Sales,33243
3244,David,29,Marketing,33244
3245,Sophia,30,IT,33245
3246,Liam,31,HR,33246
3247,Olivia,32,Finance,33247
3248,James,33,Sales,33248
3249,Ava,34,Marketing,33249
3250,John,25,IT,33250
3251,Alice,26,HR,33251
3252,Bob,27,Finance,33252
3253,Emma,28,Sales,33253
3254,David,29,Marketing,33254
3255,Sophia,30,IT,33255
3256,Liam,31,HR,33256
3257,Olivia,32,Finance,33257
3258,James,33,Sales,33258
3259,Ava,34,Marketing,33259
3260,John,25,IT,33260
3261,Alice,26,HR,33261
3262,Bob,27,Finance,33262
3263,Emma,28,Sales,33263
3264,David,29,Marketing,33264
3265,Sophia,30,IT,33265
3266,Liam,31,HR,33266
3267,Olivia,32,Finance,33267
3268,James,33,Sales,33268
3269,Ava,34,Marketing,33269
3270,John,25,IT,33270
3271,Alice,26,HR,33271
3272,Bob,27,Finance,33272
3273,Emma,28,Sales,33273
3274,David,29,Marketing,33274
3275,Sophia,30,IT,33275
3276,Liam,31,HR,33276
3277,Olivia,32,Finance,33277
3278,James,33,Sales,33278
3279,Ava,34,Marketing,33279
3280,John,25,IT,33280
3281,Alice,26,HR,33281
3282,Bob,27,Finance,33282
3283,Emma,28,Sales,33283
3284,David,29,Marketing,33284
3285,Sophia,30,IT,33285
3286,Liam,31,HR,33286
3287,Olivia,32,Finance,33287
3288,James,33,Sales,33288
3289,Ava,34,Marketing,33289
3290,John,25,IT,33290
3291,Alice,26,HR,33291
3292,Bob,27,Finance,33292
3293,Emma,28,Sales,33293
3294,David,29,Marketing,33294
3295,Sophia,30,IT,33295
3296,Liam,31,HR,33296
3297,Olivia,32,Finance,33297
3298,James,33,Sales,33298
3299,Ava,34,Marketing,33299
3300,John,25,IT,33300
3301,Alice,26,HR,33301
3302,Bob,27,Finance,33302
3303,Emma,28,Sales,33303
3304,David,29,Marketing,33304
3305,Sophia,30,IT,33305
3306,Liam,31,HR,33306
3307,Olivia,32,Finance,33307
3308,James,33,Sales,33308
3309,Ava,34,Marketing,33309
3310,John,25,IT,33310
3311,Alice,26,HR,33311
3312,Bob,27,Finance,33312
3313,Emma,28,Sales,33313
3314,David,29,Marketing,33314
3315,Sophia,30,IT,33315
3316,Liam,31,HR,33316
3317,Olivia,32,Finance,33317
3318,James,33,Sales,33318
3319,Ava,34,Marketing,33319
3320,John,25,IT,33320
3321,Alice,26,HR,33321
3322,Bob,27,Finance,33322
3323,Emma,28,Sales,33323
3324,David,29,Marketing,33324
3325,Sophia,30,IT,33325
3326,Liam,31,HR,33326
3327,Olivia,32,Finance,33327
3328,James,33,Sales,33328
3329,Ava,34,Marketing,33329
3330,John,25,IT,33330
3331,Alice,26,HR,33331
3332,Bob,27,Finance,33332
3333,Emma,28,Sales,33333
3334,David,29,Marketing,33334
3335,Sophia,30,IT,33335
3336,Liam,31,HR,33336
3337,Olivia,32,Finance,33337
3338,James,33,Sales,33338
3339,Ava,34,Marketing,33339
3340,John,25,IT,33340
3341,Alice,26,HR,33341
3342,Bob,27,Finance,33342
3343,Emma,28,Sales,33343
3344,David,29,Marketing,33344
3345,Sophia,30,IT,33345
3346,Liam,31,HR,33346
3347,Olivia,32,Finance,33347
3348,James,33,Sales,33348
3349,Ava,34,Marketing,33349
3350,John,25,IT,33350
3351,Alice,26,HR,33351
3352,Bob,27,Finance,33352
3353,Emma,28,Sales,33353
3354,David,29,Marketing,33354
3355,Sophia,30,IT,33355
3356,Liam,31,HR,33356
3357,Olivia,32,Finance,33357
3358,James,33,Sales,33358
3359,Ava,34,Marketing,33359
3360,John,25,IT,33360
3361,Alice,26,HR,33361
3362,Bob,27,Finance,33362
3363,Emma,28,Sales,33363
3364,David,29,Marketing,33364
3365,Sophia,30,IT,33365
3366,Liam,31,HR,33366
3367,Olivia,32,Finance,33367
3368,James,33,Sales,33368
3369,Ava,34,Marketing,33369
3370,John,25,IT,33370
3371,Alice,26,HR,33371
3372,Bob,27,Finance,33372
3373,Emma,28,Sales,33373
3374,David,29,Marketing,33374
3375,Sophia,30,IT,33375
3376,Liam,31,HR,33376
3377,Olivia,32,Finance,33377
3378,James,33,Sales,33378
3379,Ava,34,Marketing,33379
3380,John,25,IT,33380
3381,Alice,26,HR,33381
3382,Bob,27,Finance,33382
3383,Emma,28,Sales,33383
3384,David,29,Marketing,33384
3385,Sophia,30,IT,33385
3386,Liam,31,HR,33386
3387,Olivia,32,Finance,33387
3388,James,33,Sales,33388
3389,Ava,34,Marketing,33389
3390,John,25,IT,33390
3391,Alice,26,HR,33391
3392,Bob,27,Finance,33392
3393,Emma,28,Sales,33393
3394,David,29,Marketing,33394
3395,Sophia,30,IT,33395
3396,Liam,31,HR,33396
3397,Olivia,32,Finance,33397
3398,James,33,Sales,33398
3399,Ava,34,Marketing,33399
3400,John,25,IT,33400
3401,Alice,26,HR,33401
3402,Bob,27,Finance,33402
3403,Emma,28,Sales,33403
3404,David,29,Marketing,33404
3405,Sophia,30,IT,33405
3406,Liam,31,HR,33406
3407,Olivia,32,Finance,33407
3408,James,33,Sales,33408
3409,Ava,34,Marketing,33409
3410,John,25,IT,33410
3411,Alice,26,HR,33411
3412,Bob,27,Finance,33412
3413,Emma,28,Sales,33413
3414,David,29,Marketing,33414
3415,Sophia,30,IT,33415
3416,Liam,31,HR,33416
3417,Olivia,32,Finance,33417
3418,James,33,Sales,33418
3419,Ava,34,Marketing,33419
3420,John,25,IT,33420
3421,Alice,26,HR,33421
3422,Bob,27,Finance,33422
3423,Emma,28,Sales,33423
3424,David,29,Marketing,33424
3425,Sophia,30,IT,33425
3426,Liam,31,HR,33426
3427,Olivia,32,Finance,33427
3428,James,33,Sales,33428
3429,Ava,34,Marketing,33429
3430,John,25,IT,33430
3431,Alice,26,HR,33431
3432,Bob,27,Finance,33432
3433,Emma,28,Sales,33433
3434,David,29,Marketing,33434
3435,Sophia,30,IT,33435
3436,Liam,31,HR,33436
3437,Olivia,32,Finance,33437
3438,James,33,Sales,33438
3439,Ava,34,Marketing,33439
3440,John,25,IT,33440
3441,Alice,26,HR,33441
3442,Bob,27,Finance,33442
3443,Emma,28,Sales,33443
3444,David,29,Marketing,33444
3445,Sophia,30,IT,33445
3446,Liam,31,HR,33446
3447,Olivia,32,Finance,33447
3448,James,33,Sales,33448
3449,Ava,34,Marketing,33449
3450,John,25,IT,33450
3451,Alice,26,HR,33451
3452,Bob,27,Finance,33452
3453,Emma,28,Sales,33453
3454,David,29,Marketing,33454
3455,Sophia,30,IT,33455
3456,Liam,31,HR,33456
3457,Olivia,32,Finance,33457
3458,James,33,Sales,33458
3459,Ava,34,Marketing,33459
3460,John,25,IT,33460
3461,Alice,26,HR,33461
3462,Bob,27,Finance,33462
3463,Emma,28,Sales,33463
3464,David,29,Marketing,33464
3465,Sophia,30,IT,33465
3466,Liam,31,HR,33466
3467,Olivia,32,Finance,33467
3468,James,33,Sales,33468
3469,Ava,34,Marketing,33469
3470,John,25,IT,33470
3471,Alice,26,HR,33471
3472,Bob,27,Finance,33472
3473,Emma,28,Sales,33473
3474,David,29,Marketing,33474
3475,Sophia,30,IT,33475
3476,Liam,31,HR,33476
3477,Olivia,32,Finance,33477
3478,James,33,Sales,33478
3479,Ava,34,Marketing,33479
3480,John,25,IT,33480
3481,Alice,26,HR,33481
3482,Bob,27,Finance,33482
3483,Emma,28,Sales,33483
3484,David,29,Marketing,33484
3485,Sophia,30,IT,33485
3486,Liam,31,HR,33486
3487,Olivia,32,Finance,33487
3488,James,33,Sales,33488
3489,Ava,34,Marketing,33489
3490,John,25,IT,33490
3491,Alice,26,HR,33491
3492,Bob,27,Finance,33492
3493,Emma,28,Sales,33493
3494,David,29,Marketing,33494
3495,Sophia,30,IT,33495
3496,Liam,31,HR,33496
3497,Olivia,32,Finance,33497
3498,James,33,Sales,33498
3499,Ava,34,Marketing,33499
3500,John,25,IT,33500
3501,Alice,26,HR,33501
3502,Bob,27,Finance,33502
3503,Emma,28,Sales,33503
3504,David,29,Marketing,33504
3505,Sophia,30,IT,33505
3506,Liam,31,HR,33506
3507,Olivia,32,Finance,33507
3508,James,33,Sales,33508
3509,Ava,34,Marketing,33509
3510,John,25,IT,33510
3511,Alice,26,HR,33511
3512,Bob,27,Finance,33512
3513,Emma,28,Sales,33513
3514,David,29,Marketing,33514
3515,Sophia,30,IT,33515
3516,Liam,31,HR,33516
3517,Olivia,32,Finance,33517
3518,James,33,Sales,33518
3519,Ava,34,Marketing,33519
3520,John,25,IT,33520
3521,Alice,26,HR,33521
3522,Bob,27,Finance,33522
3523,Emma,28,Sales,33523
3524,David,29,Marketing,33524
3525,Sophia,30,IT,33525
3526,Liam,31,HR,33526
3527,Olivia,32,Finance,33527
3528,James,33,Sales,33528
3529,Ava,34,Marketing,33529
3530,John,25,IT,33530
3531,Alice,26,HR,33531
3532,Bob,27,Finance,33532
3533,Emma,28,Sales,33533
3534,David,29,Marketing,33534
3535,Sophia,30,IT,33535
3536,Liam,31,HR,33536
3537,Olivia,32,Finance,33537
3538,James,33,Sales,33538
3539,Ava,34,Marketing,33539
3540,John,25,IT,33540
3541,Alice,26,HR,33541
3542,Bob,27,Finance,33542
3543,Emma,28,Sales,33543
3544,David,29,Marketing,33544
3545,Sophia,30,IT,33545
3546,Liam,31,HR,33546
3547,Olivia,32,Finance,33547
3548,James,33,Sales,33548
3549,Ava,34,Marketing,33549
3550,John,25,IT,33550
3551,Alice,26,HR,33551
3552,Bob,27,Finance,33552
3553,Emma,28,Sales,33553
3554,David,29,Marketing,33554
3555,Sophia,30,IT,33555
3556,Liam,31,HR,33556
3557,Olivia,32,Finance,33557
3558,James,33,Sales,33558
3559,Ava,34,Marketing,33559
3560,John,25,IT,33560
3561,Alice,26,HR,33561
3562,Bob,27,Finance,33562
3563,Emma,28,Sales,33563
3564,David,29,Marketing,33564
3565,Sophia,30,IT,33565
3566,Liam,31,HR,33566
3567,Olivia,32,Finance,33567
3568,James,33,Sales,33568
3569,Ava,34,Marketing,33569
3570,John,25,IT,33570
3571,Alice,26,HR,33571
3572,Bob,27,Finance,33572
3573,Emma,28,Sales,33573
3574,David,29,Marketing,33574
3575,Sophia,30,IT,33575
3576,Liam,31,HR,33576
3577,Olivia,32,Finance,33577
3578,James,33,Sales,33578
3579,Ava,34,Marketing,33579
3580,John,25,IT,33580
3581,Alice,26,HR,33581
3582,Bob,27,Finance,33582
3583,Emma,28,Sales,33583
3584,David,29,Marketing,33584
3585,Sophia,30,IT,33585
3586,Liam,31,HR,33586
3587,Olivia,32,Finance,33587
3588,James,33,Sales,33588
3589,Ava,34,Marketing,33589
3590,John,25,IT,33590
3591,Alice,26,HR,33591
3592,Bob,27,Finance,33592
3593,Emma,28,Sales,33593
3594,David,29,Marketing,33594
3595,Sophia,30,IT,33595
3596,Liam,31,HR,33596
3597,Olivia,32,Finance,33597
3598,James,33,Sales,33598
3599,Ava,34,Marketing,33599
3600,John,25,IT,33600
3601,Alice,26,HR,33601
3602,Bob,27,Finance,33602
3603,Emma,28,Sales,33603
3604,David,29,Marketing,33604
3605,Sophia,30,IT,33605
3606,Liam,31,HR,33606
3607,Olivia,32,Finance,33607
3608,James,33,Sales,33608
3609,Ava,34,Marketing,33609
3610,John,25,IT,33610
3611,Alice,26,HR,33611
3612,Bob,27,Finance,33612
3613,Emma,28,Sales,33613
3614,David,29,Marketing,33614
3615,Sophia,30,IT,33615
3616,Liam,31,HR,33616
3617,Olivia,32,Finance,33617
3618,James,33,Sales,33618
3619,Ava,34,Marketing,33619
3620,John,25,IT,33620
3621,Alice,26,HR,33621
3622,Bob,27,Finance,33622
3623,Emma,28,Sales,33623
3624,David,29,Marketing,33624
3625,Sophia,30,IT,33625
3626,Liam,31,HR,33626
3627,Olivia,32,Finance,33627
3628,James,33,Sales,33628
3629,Ava,34,Marketing,33629
3630,John,25,IT,33630
3631,Alice,26,HR,33631
3632,Bob,27,Finance,33632
3633,Emma,28,Sales,33633
3634,David,29,Marketing,33634
3635,Sophia,30,IT,33635
3636,Liam,31,HR,33636
3637,Olivia,32,Finance,33637
3638,James,33,Sales,33638
3639,Ava,34,Marketing,33639
3640,John,25,IT,33640
3641,Alice,26,HR,33641
3642,Bob,27,Finance,33642
3643,Emma,28,Sales,33643
3644,David,29,Marketing,33644
3645,Sophia,30,IT,33645
3646,Liam,31,HR,33646
3647,Olivia,32,Finance,33647
3648,James,33,Sales,33648
3649,Ava,34,Marketing,33649
3650,John,25,IT,33650
3651,Alice,26,HR,33651
3652,Bob,27,Finance,33652
3653,Emma,28,Sales,33653
3654,David,29,Marketing,33654
3655,Sophia,30,IT,33655
3656,Liam,31,HR,33656
3657,Olivia,32,Finance,33657
3658,James,33,Sales,33658
3659,Ava,34,Marketing,33659
3660,John,25,IT,33660
3661,Alice,26,HR,33661
3662,Bob,27,Finance,33662
3663,Emma,28,Sales,33663
3664,David,29,Marketing,33664
3665,Sophia,30,IT,33665
3666,Liam,31,HR,33666
3667,Olivia,32,Finance,33667
3668,James,33,Sales,33668
3669,Ava,34,Marketing,33669
3670,John,25,IT,33670
3671,Alice,26,HR,33671
3672,Bob,27,Finance,33672
3673,Emma,28,Sales,33673
3674,David,29,Marketing,33674
3675,Sophia,30,IT,33675
3676,Liam,31,HR,33676
3677,Olivia,32,Finance,33677
3678,James,33,Sales,33678
3679,Ava,34,Marketing,33679
3680,John,25,IT,33680
3681,Alice,26,HR,33681
3682,Bob,27,Finance,33682
3683,Emma,28,Sales,33683
3684,David,29,Marketing,33684
3685,Sophia,30,IT,33685
3686,Liam,31,HR,33686
3687,Olivia,32,Finance,33687
3688,James,33,Sales,33688
3689,Ava,34,Marketing,33689
3690,John,25,IT,33690
3691,Alice,26,HR,33691
3692,Bob,27,Finance,33692
3693,Emma,28,Sales,33693
3694,David,29,Marketing,33694
3695,Sophia,30,IT,33695
3696,Liam,31,HR,33696
3697,Olivia,32,Finance,33697
3698,James,33,Sales,33698
3699,Ava,34,Marketing,33699
3700,John,25,IT,33700
3701,Alice,26,HR,33701
3702,Bob,27,Finance,33702
3703,Emma,28,Sales,33703
3704,David,29,Marketing,33704
3705,Sophia,30,IT,33705
3706,Liam,31,HR,33706
3707,Olivia,32,Finance,33707
3708,James,33,Sales,33708
3709,Ava,34,Marketing,33709
3710,John,25,IT,33710
3711,Alice,26,HR,33711
3712,Bob,27,Finance,33712
3713,Emma,28,Sales,33713
3714,David,29,Marketing,33714
3715,Sophia,30,IT,33715
3716,Liam,31,HR,33716
3717,Olivia,32,Finance,33717
3718,James,33,Sales,33718
3719,Ava,34,Marketing,33719
3720,John,25,IT,33720
3721,Alice,26,HR,33721
3722,Bob,27,Finance,33722
3723,Emma,28,Sales,33723
3724,David,29,Marketing,33724
3725,Sophia,30,IT,33725
3726,Liam,31,HR,33726
3727,Olivia,32,Finance,33727
3728,James,33,Sales,33728
3729,Ava,34,Marketing,33729
3730,John,25,IT,33730
3731,Alice,26,HR,33731
3732,Bob,27,Finance,33732
3733,Emma,28,Sales,33733
3734,David,29,Marketing,33734
3735,Sophia,30,IT,33735
3736,Liam,31,HR,33736
3737,Olivia,32,Finance,33737
3738,James,33,Sales,33738
3739,Ava,34,Marketing,33739
3740,John,25,IT,33740
3741,Alice,26,HR,33741
3742,Bob,27,Finance,33742
3743,Emma,28,Sales,33743
3744,David,29,Marketing,33744
3745,Sophia,30,IT,33745
3746,Liam,31,HR,33746
3747,Olivia,32,Finance,33747
3748,James,33,Sales,33748
3749,Ava,34,Marketing,33749
3750,John,25,IT,33750
3751,Alice,26,HR,33751
3752,Bob,27,Finance,33752
3753,Emma,28,Sales,33753
3754,David,29,Marketing,33754
3755,Sophia,30,IT,33755
3756,Liam,31,HR,33756
3757,Olivia,32,Finance,33757
3758,James,33,Sales,33758
3759,Ava,34,Marketing,33759
3760,John,25,IT,33760
3761,Alice,26,HR,33761
3762,Bob,27,Finance,33762
3763,Emma,28,Sales,33763
3764,David,29,Marketing,33764
3765,Sophia,30,IT,33765
3766,Liam,31,HR,33766
3767,Olivia,32,Finance,33767
3768,James,33,Sales,33768
3769,Ava,34,Marketing,33769
3770,John,25,IT,33770
3771,Alice,26,HR,33771
3772,Bob,27,Finance,33772
3773,Emma,28,Sales,33773
3774,David,29,Marketing,33774
3775,Sophia,30,IT,33775
3776,Liam,31,HR,33776
3777,Olivia,32,Finance,33777
3778,James,33,Sales,33778
3779,Ava,34,Marketing,33779
3780,John,25,IT,33780
3781,Alice,26,HR,33781
3782,Bob,27,Finance,33782
3783,Emma,28,Sales,33783
3784,David,29,Marketing,33784
3785,Sophia,30,IT,33785
3786,Liam,31,HR,33786
3787,Olivia,32,Finance,33787
3788,James,33,Sales,33788
3789,Ava,34,Marketing,33789
3790,John,25,IT,33790
3791,Alice,26,HR,33791
3792,Bob,27,Finance,33792
3793,Emma,28,Sales,33793
3794,David,29,Marketing,33794
3795,Sophia,30,IT,33795
3796,Liam,31,HR,33796
3797,Olivia,32,Finance,33797
3798,James,33,Sales,33798
3799,Ava,34,Marketing,33799
3800,John,25,IT,33800
3801,Alice,26,HR,33801
3802,Bob,27,Finance,33802
3803,Emma,28,Sales,33803
3804,David,29,Marketing,33804
3805,Sophia,30,IT,33805
3806,Liam,31,HR,33806
3807,Olivia,32,Finance,33807
3808,James,33,Sales,33808
3809,Ava,34,Marketing,33809
3810,John,25,IT,33810
3811,Alice,26,HR,33811
3812,Bob,27,Finance,33812
3813,Emma,28,Sales,33813
3814,David,29,Marketing,33814
3815,Sophia,30,IT,33815
3816,Liam,31,HR,33816
3817,Olivia,32,Finance,33817
3818,James,33,Sales,33818
3819,Ava,34,Marketing,33819
3820,John,25,IT,33820
3821,Alice,26,HR,33821
3822,Bob,27,Finance,33822
3823,Emma,28,Sales,33823
3824,David,29,Marketing,33824
3825,Sophia,30,IT,33825
3826,Liam,31,HR,33826
3827,Olivia,32,Finance,33827
3828,James,33,Sales,33828
3829,Ava,34,Marketing,33829
3830,John,25,IT,33830
3831,Alice,26,HR,33831
3832,Bob,27,Finance,33832
3833,Emma,28,Sales,33833
3834,David,29,Marketing,33834
3835,Sophia,30,IT,33835
3836,Liam,31,HR,33836
3837,Olivia,32,Finance,33837
3838,James,33,Sales,33838
3839,Ava,34,Marketing,33839
3840,John,25,IT,33840
3841,Alice,26,HR,33841
3842,Bob,27,Finance,33842
3843,Emma,28,Sales,33843
3844,David,29,Marketing,33844
3845,Sophia,30,IT,33845
3846,Liam,31,HR,33846
3847,Olivia,32,Finance,33847
3848,James,33,Sales,33848
3849,Ava,34,Marketing,33849
3850,John,25,IT,33850
3851,Alice,26,HR,33851
3852,Bob,27,Finance,33852
3853,Emma,28,Sales,33853
3854,David,29,Marketing,33854
3855,Sophia,30,IT,33855
3856,Liam,31,HR,33856
3857,Olivia,32,Finance,33857
3858,James,33,Sales,33858
3859,Ava,34,Marketing,33859
3860,John,25,IT,33860
3861,Alice,26,HR,33861
3862,Bob,27,Finance,33862
3863,Emma,28,Sales,33863
3864,David,29,Marketing,33864
3865,Sophia,30,IT,33865
3866,Liam,31,HR,33866
3867,Olivia,32,Finance,33867
3868,James,33,Sales,33868
3869,Ava,34,Marketing,33869
3870,John,25,IT,33870
3871,Alice,26,HR,33871
3872,Bob,27,Finance,33872
3873,Emma,28,Sales,33873
3874,David,29,Marketing,33874
3875,Sophia,30,IT,33875
3876,Liam,31,HR,33876
3877,Olivia,32,Finance,33877
3878,James,33,Sales,33878
3879,Ava,34,Marketing,33879
3880,John,25,IT,33880
3881,Alice,26,HR,33881
3882,Bob,27,Finance,33882
3883,Emma,28,Sales,33883
3884,David,29,Marketing,33884
3885,Sophia,30,IT,33885
3886,Liam,31,HR,33886
3887,Olivia,32,Finance,33887
3888,James,33,Sales,33888
3889,Ava,34,Marketing,33889
3890,John,25,IT,33890
3891,Alice,26,HR,33891
3892,Bob,27,Finance,33892
3893,Emma,28,Sales,33893
3894,David,29,Marketing,33894
3895,Sophia,30,IT,33895
3896,Liam,31,HR,33896
3897,Olivia,32,Finance,33897
3898,James,33,Sales,33898
3899,Ava,34,Marketing,33899
3900,John,25,IT,33900
3901,Alice,26,HR,33901
3902,Bob,27,Finance,33902
3903,Emma,28,Sales,33903
3904,David,29,Marketing,33904
3905,Sophia,30,IT,33905
3906,Liam,31,HR,33906
3907,Olivia,32,Finance,33907
3908,James,33,Sales,33908
3909,Ava,34,Marketing,33909
3910,John,25,IT,33910
3911,Alice,26,HR,33911
3912,Bob,27,Finance,33912
3913,Emma,28,Sales,33913
3914,David,29,Marketing,33914
3915,Sophia,30,IT,33915
3916,Liam,31,HR,33916
3917,Olivia,32,Finance,33917
3918,James,33,Sales,33918
3919,Ava,34,Marketing,33919
3920,John,25,IT,33920
3921,Alice,26,HR,33921
3922,Bob,27,Finance,33922
3923,Emma,28,Sales,33923
3924,David,29,Marketing,33924
3925,Sophia,30,IT,33925
3926,Liam,31,HR,33926
3927,Olivia,32,Finance,33927
3928,James,33,Sales,33928
3929,Ava,34,Marketing,33929
3930,John,25,IT,33930
3931,Alice,26,HR,33931
3932,Bob,27,Finance,33932
3933,Emma,28,Sales,33933
3934,David,29,Marketing,33934
3935,Sophia,30,IT,33935
3936,Liam,31,HR,33936
3937,Olivia,32,Finance,33937
3938,James,33,Sales,33938
3939,Ava,34,Marketing,33939
3940,John,25,IT,33940
3941,Alice,26,HR,33941
3942,Bob,27,Finance,33942
3943,Emma,28,Sales,33943
3944,David,29,Marketing,33944
3945,Sophia,30,IT,33945
3946,Liam,31,HR,33946
3947,Olivia,32,Finance,33947
3948,James,33,Sales,33948
3949,Ava,34,Marketing,33949
3950,John,25,IT,33950
3951,Alice,26,HR,33951
3952,Bob,27,Finance,33952
3953,Emma,28,Sales,33953
3954,David,29,Marketing,33954
3955,Sophia,30,IT,33955
3956,Liam,31,HR,33956
3957,Olivia,32,Finance,33957
3958,James,33,Sales,33958
3959,Ava,34,Marketing,33959
3960,John,25,IT,33960
3961,Alice,26,HR,33961
3962,Bob,27,Finance,33962
3963,Emma,28,Sales,33963
3964,David,29,Marketing,33964
3965,Sophia,30,IT,33965
3966,Liam,31,HR,33966
3967,Olivia,32,Finance,33967
3968,James,33,Sales,33968
3969,Ava,34,Marketing,33969
3970,John,25,IT,33970
3971,Alice,26,HR,33971
3972,Bob,27,Finance,33972
3973,Emma,28,Sales,33973
3974,David,29,Marketing,33974
3975,Sophia,30,IT,33975
3976,Liam,31,HR,33976
3977,Olivia,32,Finance,33977
3978,James,33,Sales,33978
3979,Ava,34,Marketing,33979
3980,John,25,IT,33980
3981,Alice,26,HR,33981
3982,Bob,27,Finance,33982
3983,Emma,28,Sales,33983
3984,David,29,Marketing,33984
3985,Sophia,30,IT,33985
3986,Liam,31,HR,33986
3987,Olivia,32,Finance,33987
3988,James,33,Sales,33988
3989,Ava,34,Marketing,33989
3990,John,25,IT,33990
3991,Alice,26,HR,33991
3992,Bob,27,Finance,33992
3993,Emma,28,Sales,33993
3994,David,29,Marketing,33994
3995,Sophia,30,IT,33995
3996,Liam,31,HR,33996
3997,Olivia,32,Finance,33997
3998,James,33,Sales,33998
3999,Ava,34,Marketing,33999
4000,John,25,IT,34000
4001,Alice,26,HR,34001
4002,Bob,27,Finance,34002
4003,Emma,28,Sales,34003
4004,David,29,Marketing,34004
4005,Sophia,30,IT,34005
4006,Liam,31,HR,34006
4007,Olivia,32,Finance,34007
4008,James,33,Sales,34008
4009,Ava,34,Marketing,34009
4010,John,25,IT,34010
4011,Alice,26,HR,34011
4012,Bob,27,Finance,34012
4013,Emma,28,Sales,34013
4014,David,29,Marketing,34014
4015,Sophia,30,IT,34015
4016,Liam,31,HR,34016
4017,Olivia,32,Finance,34017
4018,James,33,Sales,34018
4019,Ava,34,Marketing,34019
4020,John,25,IT,34020
4021,Alice,26,HR,34021
4022,Bob,27,Finance,34022
4023,Emma,28,Sales,34023
4024,David,29,Marketing,34024
4025,Sophia,30,IT,34025
4026,Liam,31,HR,34026
4027,Olivia,32,Finance,34027
4028,James,33,Sales,34028
4029,Ava,34,Marketing,34029
4030,John,25,IT,34030
4031,Alice,26,HR,34031
4032,Bob,27,Finance,34032
4033,Emma,28,Sales,34033
4034,David,29,Marketing,34034
4035,Sophia,30,IT,34035
4036,Liam,31,HR,34036
4037,Olivia,32,Finance,34037
4038,James,33,Sales,34038
4039,Ava,34,Marketing,34039
4040,John,25,IT,34040
4041,Alice,26,HR,34041
4042,Bob,27,Finance,34042
4043,Emma,28,Sales,34043
4044,David,29,Marketing,34044
4045,Sophia,30,IT,34045
4046,Liam,31,HR,34046
4047,Olivia,32,Finance,34047
4048,James,33,Sales,34048
4049,Ava,34,Marketing,34049
4050,John,25,IT,34050
4051,Alice,26,HR,34051
4052,Bob,27,Finance,34052
4053,Emma,28,Sales,34053
4054,David,29,Marketing,34054
4055,Sophia,30,IT,34055
4056,Liam,31,HR,34056
4057,Olivia,32,Finance,34057
4058,James,33,Sales,34058
4059,Ava,34,Marketing,34059
4060,John,25,IT,34060
4061,Alice,26,HR,34061
4062,Bob,27,Finance,34062
4063,Emma,28,Sales,34063
4064,David,29,Marketing,34064
4065,Sophia,30,IT,34065
4066,Liam,31,HR,34066
4067,Olivia,32,Finance,34067
4068,James,33,Sales,34068
4069,Ava,34,Marketing,34069
4070,John,25,IT,34070
4071,Alice,26,HR,34071
4072,Bob,27,Finance,34072
4073,Emma,28,Sales,34073
4074,David,29,Marketing,34074
4075,Sophia,30,IT,34075
4076,Liam,31,HR,34076
4077,Olivia,32,Finance,34077
4078,James,33,Sales,34078
4079,Ava,34,Marketing,34079
4080,John,25,IT,34080
4081,Alice,26,HR,34081
4082,Bob,27,Finance,34082
4083,Emma,28,Sales,34083
4084,David,29,Marketing,34084
4085,Sophia,30,IT,34085
4086,Liam,31,HR,34086
4087,Olivia,32,Finance,34087
4088,James,33,Sales,34088
4089,Ava,34,Marketing,34089
4090,John,25,IT,34090
4091,Alice,26,HR,34091
4092,Bob,27,Finance,34092
4093,Emma,28,Sales,34093
4094,David,29,Marketing,34094
4095,Sophia,30,IT,34095
4096,Liam,31,HR,34096
4097,Olivia,32,Finance,34097
4098,James,33,Sales,34098
4099,Ava,34,Marketing,34099
4100,John,25,IT,34100
4101,Alice,26,HR,34101
4102,Bob,27,Finance,34102
4103,Emma,28,Sales,34103
4104,David,29,Marketing,34104
4105,Sophia,30,IT,34105
4106,Liam,31,HR,34106
4107,Olivia,32,Finance,34107
4108,James,33,Sales,34108
4109,Ava,34,Marketing,34109
4110,John,25,IT,34110
4111,Alice,26,HR,34111
4112,Bob,27,Finance,34112
4113,Emma,28,Sales,34113
4114,David,29,Marketing,34114
4115,Sophia,30,IT,34115
4116,Liam,31,HR,34116
4117,Olivia,32,Finance,34117
4118,James,33,Sales,34118
4119,Ava,34,Marketing,34119
4120,John,25,IT,34120
4121,Alice,26,HR,34121
4122,Bob,27,Finance,34122
4123,Emma,28,Sales,34123
4124,David,29,Marketing,34124
4125,Sophia,30,IT,34125
4126,Liam,31,HR,34126
4127,Olivia,32,Finance,34127
4128,James,33,Sales,34128
4129,Ava,34,Marketing,34129
4130,John,25,IT,34130
4131,Alice,26,HR,34131
4132,Bob,27,Finance,34132
4133,Emma,28,Sales,34133
4134,David,29,Marketing,34134
4135,Sophia,30,IT,34135
4136,Liam,31,HR,34136
4137,Olivia,32,Finance,34137
4138,James,33,Sales,34138
4139,Ava,34,Marketing,34139
4140,John,25,IT,34140
4141,Alice,26,HR,34141
4142,Bob,27,Finance,34142
4143,Emma,28,Sales,34143
4144,David,29,Marketing,34144
4145,Sophia,30,IT,34145
4146,Liam,31,HR,34146
4147,Olivia,32,Finance,34147
4148,James,33,Sales,34148
4149,Ava,34,Marketing,34149
4150,John,25,IT,34150
4151,Alice,26,HR,34151
4152,Bob,27,Finance,34152
4153,Emma,28,Sales,34153
4154,David,29,Marketing,34154
4155,Sophia,30,IT,34155
4156,Liam,31,HR,34156
4157,Olivia,32,Finance,34157
4158,James,33,Sales,34158
4159,Ava,34,Marketing,34159
4160,John,25,IT,34160
4161,Alice,26,HR,34161
4162,Bob,27,Finance,34162
4163,Emma,28,Sales,34163
4164,David,29,Marketing,34164
4165,Sophia,30,IT,34165
4166,Liam,31,HR,34166
4167,Olivia,32,Finance,34167
4168,James,33,Sales,34168
4169,Ava,34,Marketing,34169
4170,John,25,IT,34170
4171,Alice,26,HR,34171
4172,Bob,27,Finance,34172
4173,Emma,28,Sales,34173
4174,David,29,Marketing,34174
4175,Sophia,30,IT,34175
4176,Liam,31,HR,34176
4177,Olivia,32,Finance,34177
4178,James,33,Sales,34178
4179,Ava,34,Marketing,34179
4180,John,25,IT,34180
4181,Alice,26,HR,34181
4182,Bob,27,Finance,34182
4183,Emma,28,Sales,34183
4184,David,29,Marketing,34184
4185,Sophia,30,IT,34185
4186,Liam,31,HR,34186
4187,Olivia,32,Finance,34187
4188,James,33,Sales,34188
4189,Ava,34,Marketing,34189
4190,John,25,IT,34190
4191,Alice,26,HR,34191
4192,Bob,27,Finance,34192
4193,Emma,28,Sales,34193
4194,David,29,Marketing,34194
4195,Sophia,30,IT,34195
4196,Liam,31,HR,34196
4197,Olivia,32,Finance,34197
4198,James,33,Sales,34198
4199,Ava,34,Marketing,34199
4200,John,25,IT,34200
4201,Alice,26,HR,34201
4202,Bob,27,Finance,34202
4203,Emma,28,Sales,34203
4204,David,29,Marketing,34204
4205,Sophia,30,IT,34205
4206,Liam,31,HR,34206
4207,Olivia,32,Finance,34207
4208,James,33,Sales,34208
4209,Ava,34,Marketing,34209
4210,John,25,IT,34210
4211,Alice,26,HR,34211
4212,Bob,27,Finance,34212
4213,Emma,28,Sales,34213
4214,David,29,Marketing,34214
4215,Sophia,30,IT,34215
4216,Liam,31,HR,34216
4217,Olivia,32,Finance,34217
4218,James,33,Sales,34218
4219,Ava,34,Marketing,34219
4220,John,25,IT,34220
4221,Alice,26,HR,34221
4222,Bob,27,Finance,34222
4223,Emma,28,Sales,34223
4224,David,29,Marketing,34224
4225,Sophia,30,IT,34225
4226,Liam,31,HR,34226
4227,Olivia,32,Finance,34227
4228,James,33,Sales,34228
4229,Ava,34,Marketing,34229
4230,John,25,IT,34230
4231,Alice,26,HR,34231
4232,Bob,27,Finance,34232
4233,Emma,28,Sales,34233
4234,David,29,Marketing,34234
4235,Sophia,30,IT,34235
4236,Liam,31,HR,34236
4237,Olivia,32,Finance,34237
4238,James,33,Sales,34238
4239,Ava,34,Marketing,34239
4240,John,25,IT,34240
4241,Alice,26,HR,34241
4242,Bob,27,Finance,34242
4243,Emma,28,Sales,34243
4244,David,29,Marketing,34244
4245,Sophia,30,IT,34245
4246,Liam,31,HR,34246
4247,Olivia,32,Finance,34247
4248,James,33,Sales,34248
4249,Ava,34,Marketing,34249
4250,John,25,IT,34250
4251,Alice,26,HR,34251
4252,Bob,27,Finance,34252
4253,Emma,28,Sales,34253
4254,David,29,Marketing,34254
4255,Sophia,30,IT,34255
4256,Liam,31,HR,34256
4257,Olivia,32,Finance,34257
4258,James,33,Sales,34258
4259,Ava,34,Marketing,34259
4260,John,25,IT,34260
4261,Alice,26,HR,34261
4262,Bob,27,Finance,34262
4263,Emma,28,Sales,34263
4264,David,29,Marketing,34264
4265,Sophia,30,IT,34265
4266,Liam,31,HR,34266
4267,Olivia,32,Finance,34267
4268,James,33,Sales,34268
4269,Ava,34,Marketing,34269
4270,John,25,IT,34270
4271,Alice,26,HR,34271
4272,Bob,27,Finance,34272
4273,Emma,28,Sales,34273
4274,David,29,Marketing,34274
4275,Sophia,30,IT,34275
4276,Liam,31,HR,34276
4277,Olivia,32,Finance,34277
4278,James,33,Sales,34278
4279,Ava,34,Marketing,34279
4280,John,25,IT,34280
4281,Alice,26,HR,34281
4282,Bob,27,Finance,34282
4283,Emma,28,Sales,34283
4284,David,29,Marketing,34284
4285,Sophia,30,IT,34285
4286,Liam,31,HR,34286
4287,Olivia,32,Finance,34287
4288,James,33,Sales,34288
4289,Ava,34,Marketing,34289
4290,John,25,IT,34290
4291,Alice,26,HR,34291
4292,Bob,27,Finance,34292
4293,Emma,28,Sales,34293
4294,David,29,Marketing,34294
4295,Sophia,30,IT,34295
4296,Liam,31,HR,34296
4297,Olivia,32,Finance,34297
4298,James,33,Sales,34298
4299,Ava,34,Marketing,34299
4300,John,25,IT,34300
4301,Alice,26,HR,34301
4302,Bob,27,Finance,34302
4303,Emma,28,Sales,34303
4304,David,29,Marketing,34304
4305,Sophia,30,IT,34305
4306,Liam,31,HR,34306
4307,Olivia,32,Finance,34307
4308,James,33,Sales,34308
4309,Ava,34,Marketing,34309
4310,John,25,IT,34310
4311,Alice,26,HR,34311
4312,Bob,27,Finance,34312
4313,Emma,28,Sales,34313
4314,David,29,Marketing,34314
4315,Sophia,30,IT,34315
4316,Liam,31,HR,34316
4317,Olivia,32,Finance,34317
4318,James,33,Sales,34318
4319,Ava,34,Marketing,34319
4320,John,25,IT,34320
4321,Alice,26,HR,34321
4322,Bob,27,Finance,34322
4323,Emma,28,Sales,34323
4324,David,29,Marketing,34324
4325,Sophia,30,IT,34325
4326,Liam,31,HR,34326
4327,Olivia,32,Finance,34327
4328,James,33,Sales,34328
4329,Ava,34,Marketing,34329
4330,John,25,IT,34330
4331,Alice,26,HR,34331
4332,Bob,27,Finance,34332
4333,Emma,28,Sales,34333
4334,David,29,Marketing,34334
4335,Sophia,30,IT,34335
4336,Liam,31,HR,34336
4337,Olivia,32,Finance,34337
4338,James,33,Sales,34338
4339,Ava,34,Marketing,34339
4340,John,25,IT,34340
4341,Alice,26,HR,34341
4342,Bob,27,Finance,34342
4343,Emma,28,Sales,34343
4344,David,29,Marketing,34344
4345,Sophia,30,IT,34345
4346,Liam,31,HR,34346
4347,Olivia,32,Finance,34347
4348,James,33,Sales,34348
4349,Ava,34,Marketing,34349
4350,John,25,IT,34350
4351,Alice,26,HR,34351
4352,Bob,27,Finance,34352
4353,Emma,28,Sales,34353
4354,David,29,Marketing,34354
4355,Sophia,30,IT,34355
4356,Liam,31,HR,34356
4357,Olivia,32,Finance,34357
4358,James,33,Sales,34358
4359,Ava,34,Marketing,34359
4360,John,25,IT,34360
4361,Alice,26,HR,34361
4362,Bob,27,Finance,34362
4363,Emma,28,Sales,34363
4364,David,29,Marketing,34364
4365,Sophia,30,IT,34365
4366,Liam,31,HR,34366
4367,Olivia,32,Finance,34367
4368,James,33,Sales,34368
4369,Ava,34,Marketing,34369
4370,John,25,IT,34370
4371,Alice,26,HR,34371
4372,Bob,27,Finance,34372
4373,Emma,28,Sales,34373
4374,David,29,Marketing,34374
4375,Sophia,30,IT,34375
4376,Liam,31,HR,34376
4377,Olivia,32,Finance,34377
4378,James,33,Sales,34378
4379,Ava,34,Marketing,34379
4380,John,25,IT,34380
4381,Alice,26,HR,34381
4382,Bob,27,Finance,34382
4383,Emma,28,Sales,34383
4384,David,29,Marketing,34384
4385,Sophia,30,IT,34385
4386,Liam,31,HR,34386
4387,Olivia,32,Finance,34387
4388,James,33,Sales,34388
4389,Ava,34,Marketing,34389
4390,John,25,IT,34390
4391,Alice,26,HR,34391
4392,Bob,27,Finance,34392
4393,Emma,28,Sales,34393
4394,David,29,Marketing,34394
4395,Sophia,30,IT,34395
4396,Liam,31,HR,34396
4397,Olivia,32,Finance,34397
4398,James,33,Sales,34398
4399,Ava,34,Marketing,34399
4400,John,25,IT,34400
4401,Alice,26,HR,34401
4402,Bob,27,Finance,34402
4403,Emma,28,Sales,34403
4404,David,29,Marketing,34404
4405,Sophia,30,IT,34405
4406,Liam,31,HR,34406
4407,Olivia,32,Finance,34407
4408,James,33,Sales,34408
4409,Ava,34,Marketing,34409
4410,John,25,IT,34410
4411,Alice,26,HR,34411
4412,Bob,27,Finance,34412
4413,Emma,28,Sales,34413
4414,David,29,Marketing,34414
4415,Sophia,30,IT,34415
4416,Liam,31,HR,34416
4417,Olivia,32,Finance,34417
4418,James,33,Sales,34418
4419,Ava,34,Marketing,34419
4420,John,25,IT,34420
4421,Alice,26,HR,34421
4422,Bob,27,Finance,34422
4423,Emma,28,Sales,34423
4424,David,29,Marketing,34424
4425,Sophia,30,IT,34425
4426,Liam,31,HR,34426
4427,Olivia,32,Finance,34427
4428,James,33,Sales,34428
4429,Ava,34,Marketing,34429
4430,John,25,IT,34430
4431,Alice,26,HR,34431
4432,Bob,27,Finance,34432
4433,Emma,28,Sales,34433
4434,David,29,Marketing,34434
4435,Sophia,30,IT,34435
4436,Liam,31,HR,34436
4437,Olivia,32,Finance,34437
4438,James,33,Sales,34438
4439,Ava,34,Marketing,34439
4440,John,25,IT,34440
4441,Alice,26,HR,34441
4442,Bob,27,Finance,34442
4443,Emma,28,Sales,34443
4444,David,29,Marketing,34444
4445,Sophia,30,IT,34445
4446,Liam,31,HR,34446
4447,Olivia,32,Finance,34447
4448,James,33,Sales,34448
4449,Ava,34,Marketing,34449
4450,John,25,IT,34450
4451,Alice,26,HR,34451
4452,Bob,27,Finance,34452
4453,Emma,28,Sales,34453
4454,David,29,Marketing,34454
4455,Sophia,30,IT,34455
4456,Liam,31,HR,34456
4457,Olivia,32,Finance,34457
4458,James,33,Sales,34458
4459,Ava,34,Marketing,34459
4460,John,25,IT,34460
4461,Alice,26,HR,34461
4462,Bob,27,Finance,34462
4463,Emma,28,Sales,34463
4464,David,29,Marketing,34464
4465,Sophia,30,IT,34465
4466,Liam,31,HR,34466
4467,Olivia,32,Finance,34467
4468,James,33,Sales,34468
4469,Ava,34,Marketing,34469
4470,John,25,IT,34470
4471,Alice,26,HR,34471
4472,Bob,27,Finance,34472
4473,Emma,28,Sales,34473
4474,David,29,Marketing,34474
4475,Sophia,30,IT,34475
4476,Liam,31,HR,34476
4477,Olivia,32,Finance,34477
4478,James,33,Sales,34478
4479,Ava,34,Marketing,34479
4480,John,25,IT,34480
4481,Alice,26,HR,34481
4482,Bob,27,Finance,34482
4483,Emma,28,Sales,34483
4484,David,29,Marketing,34484
4485,Sophia,30,IT,34485
4486,Liam,31,HR,34486
4487,Olivia,32,Finance,34487
4488,James,33,Sales,34488
4489,Ava,34,Marketing,34489
4490,John,25,IT,34490
4491,Alice,26,HR,34491
4492,Bob,27,Finance,34492
4493,Emma,28,Sales,34493
4494,David,29,Marketing,34494
4495,Sophia,30,IT,34495
4496,Liam,31,HR,34496
4497,Olivia,32,Finance,34497
4498,James,33,Sales,34498
4499,Ava,34,Marketing,34499
4500,John,25,IT,34500
4501,Alice,26,HR,34501
4502,Bob,27,Finance,34502
4503,Emma,28,Sales,34503
4504,David,29,Marketing,34504
4505,Sophia,30,IT,34505
4506,Liam,31,HR,34506
4507,Olivia,32,Finance,34507
4508,James,33,Sales,34508
4509,Ava,34,Marketing,34509
4510,John,25,IT,34510
4511,Alice,26,HR,34511
4512,Bob,27,Finance,34512
4513,Emma,28,Sales,34513
4514,David,29,Marketing,34514
4515,Sophia,30,IT,34515
4516,Liam,31,HR,34516
4517,Olivia,32,Finance,34517
4518,James,33,Sales,34518
4519,Ava,34,Marketing,34519
4520,John,25,IT,34520
4521,Alice,26,HR,34521
4522,Bob,27,Finance,34522
4523,Emma,28,Sales,34523
4524,David,29,Marketing,34524
4525,Sophia,30,IT,34525
4526,Liam,31,HR,34526
4527,Olivia,32,Finance,34527
4528,James,33,Sales,34528
4529,Ava,34,Marketing,34529
4530,John,25,IT,34530
4531,Alice,26,HR,34531
4532,Bob,27,Finance,34532
4533,Emma,28,Sales,34533
4534,David,29,Marketing,34534
4535,Sophia,30,IT,34535
4536,Liam,31,HR,34536
4537,Olivia,32,Finance,34537
4538,James,33,Sales,34538
4539,Ava,34,Marketing,34539
4540,John,25,IT,34540
4541,Alice,26,HR,34541
4542,Bob,27,Finance,34542
4543,Emma,28,Sales,34543
4544,David,29,Marketing,34544
4545,Sophia,30,IT,34545
4546,Liam,31,HR,34546
4547,Olivia,32,Finance,34547
4548,James,33,Sales,34548
4549,Ava,34,Marketing,34549
4550,John,25,IT,34550
4551,Alice,26,HR,34551
4552,Bob,27,Finance,34552
4553,Emma,28,Sales,34553
4554,David,29,Marketing,34554
4555,Sophia,30,IT,34555
4556,Liam,31,HR,34556
4557,Olivia,32,Finance,34557
4558,James,33,Sales,34558
4559,Ava,34,Marketing,34559
4560,John,25,IT,34560
4561,Alice,26,HR,34561
4562,Bob,27,Finance,34562
4563,Emma,28,Sales,34563
4564,David,29,Marketing,34564
4565,Sophia,30,IT,34565
4566,Liam,31,HR,34566
4567,Olivia,32,Finance,34567
4568,James,33,Sales,34568
4569,Ava,34,Marketing,34569
4570,John,25,IT,34570
4571,Alice,26,HR,34571
4572,Bob,27,Finance,34572
4573,Emma,28,Sales,34573
4574,David,29,Marketing,34574
4575,Sophia,30,IT,34575
4576,Liam,31,HR,34576
4577,Olivia,32,Finance,34577
4578,James,33,Sales,34578
4579,Ava,34,Marketing,34579
4580,John,25,IT,34580
4581,Alice,26,HR,34581
4582,Bob,27,Finance,34582
4583,Emma,28,Sales,34583
4584,David,29,Marketing,34584
4585,Sophia,30,IT,34585
4586,Liam,31,HR,34586
4587,Olivia,32,Finance,34587
4588,James,33,Sales,34588
4589,Ava,34,Marketing,34589
4590,John,25,IT,34590
4591,Alice,26,HR,34591
4592,Bob,27,Finance,34592
4593,Emma,28,Sales,34593
4594,David,29,Marketing,34594
4595,Sophia,30,IT,34595
4596,Liam,31,HR,34596
4597,Olivia,32,Finance,34597
4598,James,33,Sales,34598
4599,Ava,34,Marketing,34599
4600,John,25,IT,34600
4601,Alice,26,HR,34601
4602,Bob,27,Finance,34602
4603,Emma,28,Sales,34603
4604,David,29,Marketing,34604
4605,Sophia,30,IT,34605
4606,Liam,31,HR,34606
4607,Olivia,32,Finance,34607
4608,James,33,Sales,34608
4609,Ava,34,Marketing,34609
4610,John,25,IT,34610
4611,Alice,26,HR,34611
4612,Bob,27,Finance,34612
4613,Emma,28,Sales,34613
4614,David,29,Marketing,34614
4615,Sophia,30,IT,34615
4616,Liam,31,HR,34616
4617,Olivia,32,Finance,34617
4618,James,33,Sales,34618
4619,Ava,34,Marketing,34619
4620,John,25,IT,34620
4621,Alice,26,HR,34621
4622,Bob,27,Finance,34622
4623,Emma,28,Sales,34623
4624,David,29,Marketing,34624
4625,Sophia,30,IT,34625
4626,Liam,31,HR,34626
4627,Olivia,32,Finance,34627
4628,James,33,Sales,34628
4629,Ava,34,Marketing,34629
4630,John,25,IT,34630
4631,Alice,26,HR,34631
4632,Bob,27,Finance,34632
4633,Emma,28,Sales,34633
4634,David,29,Marketing,34634
4635,Sophia,30,IT,34635
4636,Liam,31,HR,34636
4637,Olivia,32,Finance,34637
4638,James,33,Sales,34638
4639,Ava,34,Marketing,34639
4640,John,25,IT,34640
4641,Alice,26,HR,34641
4642,Bob,27,Finance,34642
4643,Emma,28,Sales,34643
4644,David,29,Marketing,34644
4645,Sophia,30,IT,34645
4646,Liam,31,HR,34646
4647,Olivia,32,Finance,34647
4648,James,33,Sales,34648
4649,Ava,34,Marketing,34649
4650,John,25,IT,34650
4651,Alice,26,HR,34651
4652,Bob,27,Finance,34652
4653,Emma,28,Sales,34653
4654,David,29,Marketing,34654
4655,Sophia,30,IT,34655
4656,Liam,31,HR,34656
4657,Olivia,32,Finance,34657
4658,James,33,Sales,34658
4659,Ava,34,Marketing,34659
4660,John,25,IT,34660
4661,Alice,26,HR,34661
4662,Bob,27,Finance,34662
4663,Emma,28,Sales,34663
4664,David,29,Marketing,34664
4665,Sophia,30,IT,34665
4666,Liam,31,HR,34666
4667,Olivia,32,Finance,34667
4668,James,33,Sales,34668
4669,Ava,34,Marketing,34669
4670,John,25,IT,34670
4671,Alice,26,HR,34671
4672,Bob,27,Finance,34672
4673,Emma,28,Sales,34673
4674,David,29,Marketing,34674
4675,Sophia,30,IT,34675
4676,Liam,31,HR,34676
4677,Olivia,32,Finance,34677
4678,James,33,Sales,34678
4679,Ava,34,Marketing,34679
4680,John,25,IT,34680
4681,Alice,26,HR,34681
4682,Bob,27,Finance,34682
4683,Emma,28,Sales,34683
4684,David,29,Marketing,34684
4685,Sophia,30,IT,34685
4686,Liam,31,HR,34686
4687,Olivia,32,Finance,34687
4688,James,33,Sales,34688
4689,Ava,34,Marketing,34689
4690,John,25,IT,34690
4691,Alice,26,HR,34691
4692,Bob,27,Finance,34692
4693,Emma,28,Sales,34693
4694,David,29,Marketing,34694
4695,Sophia,30,IT,34695
4696,Liam,31,HR,34696
4697,Olivia,32,Finance,34697
4698,James,33,Sales,34698
4699,Ava,34,Marketing,34699
4700,John,25,IT,34700
4701,Alice,26,HR,34701
4702,Bob,27,Finance,34702
4703,Emma,28,Sales,34703
4704,David,29,Marketing,34704
4705,Sophia,30,IT,34705
4706,Liam,31,HR,34706
4707,Olivia,32,Finance,34707
4708,James,33,Sales,34708
4709,Ava,34,Marketing,34709
4710,John,25,IT,34710
4711,Alice,26,HR,34711
4712,Bob,27,Finance,34712
4713,Emma,28,Sales,34713
4714,David,29,Marketing,34714
4715,Sophia,30,IT,34715
4716,Liam,31,HR,34716
4717,Olivia,32,Finance,34717
4718,James,33,Sales,34718
4719,Ava,34,Marketing,34719
4720,John,25,IT,34720
4721,Alice,26,HR,34721
4722,Bob,27,Finance,34722
4723,Emma,28,Sales,34723
4724,David,29,Marketing,34724
4725,Sophia,30,IT,34725
4726,Liam,31,HR,34726
4727,Olivia,32,Finance,34727
4728,James,33,Sales,34728
4729,Ava,34,Marketing,34729
4730,John,25,IT,34730
4731,Alice,26,HR,34731
4732,Bob,27,Finance,34732
4733,Emma,28,Sales,34733
4734,David,29,Marketing,34734
4735,Sophia,30,IT,34735
4736,Liam,31,HR,34736
4737,Olivia,32,Finance,34737
4738,James,33,Sales,34738
4739,Ava,34,Marketing,34739
4740,John,25,IT,34740
4741,Alice,26,HR,34741
4742,Bob,27,Finance,34742
4743,Emma,28,Sales,34743
4744,David,29,Marketing,34744
4745,Sophia,30,IT,34745
4746,Liam,31,HR,34746
4747,Olivia,32,Finance,34747
4748,James,33,Sales,34748
4749,Ava,34,Marketing,34749
4750,John,25,IT,34750
4751,Alice,26,HR,34751
4752,Bob,27,Finance,34752
4753,Emma,28,Sales,34753
4754,David,29,Marketing,34754
4755,Sophia,30,IT,34755
4756,Liam,31,HR,34756
4757,Olivia,32,Finance,34757
4758,James,33,Sales,34758
4759,Ava,34,Marketing,34759
4760,John,25,IT,34760
4761,Alice,26,HR,34761
4762,Bob,27,Finance,34762
4763,Emma,28,Sales,34763
4764,David,29,Marketing,34764
4765,Sophia,30,IT,34765
4766,Liam,31,HR,34766
4767,Olivia,32,Finance,34767
4768,James,33,Sales,34768
4769,Ava,34,Marketing,34769
4770,John,25,IT,34770
4771,Alice,26,HR,34771
4772,Bob,27,Finance,34772
4773,Emma,28,Sales,34773
4774,David,29,Marketing,34774
4775,Sophia,30,IT,34775
4776,Liam,31,HR,34776
4777,Olivia,32,Finance,34777
4778,James,33,Sales,34778
4779,Ava,34,Marketing,34779
4780,John,25,IT,34780
4781,Alice,26,HR,34781
4782,Bob,27,Finance,34782
4783,Emma,28,Sales,34783
4784,David,29,Marketing,34784
4785,Sophia,30,IT,34785
4786,Liam,31,HR,34786
4787,Olivia,32,Finance,34787
4788,James,33,Sales,34788
4789,Ava,34,Marketing,34789
4790,John,25,IT,34790
4791,Alice,26,HR,34791
4792,Bob,27,Finance,34792
4793,Emma,28,Sales,34793
4794,David,29,Marketing,34794
4795,Sophia,30,IT,34795
4796,Liam,31,HR,34796
4797,Olivia,32,Finance,34797
4798,James,33,Sales,34798
4799,Ava,34,Marketing,34799
4800,John,25,IT,34800
4801,Alice,26,HR,34801
4802,Bob,27,Finance,34802
4803,Emma,28,Sales,34803
4804,David,29,Marketing,34804
4805,Sophia,30,IT,34805
4806,Liam,31,HR,34806
4807,Olivia,32,Finance,34807
4808,James,33,Sales,34808
4809,Ava,34,Marketing,34809
4810,John,25,IT,34810
4811,Alice,26,HR,34811
4812,Bob,27,Finance,34812
4813,Emma,28,Sales,34813
4814,David,29,Marketing,34814
4815,Sophia,30,IT,34815
4816,Liam,31,HR,34816
4817,Olivia,32,Finance,34817
4818,James,33,Sales,34818
4819,Ava,34,Marketing,34819
4820,John,25,IT,34820
4821,Alice,26,HR,34821
4822,Bob,27,Finance,34822
4823,Emma,28,Sales,34823
4824,David,29,Marketing,34824
4825,Sophia,30,IT,34825
4826,Liam,31,HR,34826
4827,Olivia,32,Finance,34827
4828,James,33,Sales,34828
4829,Ava,34,Marketing,34829
4830,John,25,IT,34830
4831,Alice,26,HR,34831
4832,Bob,27,Finance,34832
4833,Emma,28,Sales,34833
4834,David,29,Marketing,34834
4835,Sophia,30,IT,34835
4836,Liam,31,HR,34836
4837,Olivia,32,Finance,34837
4838,James,33,Sales,34838
4839,Ava,34,Marketing,34839
4840,John,25,IT,34840
4841,Alice,26,HR,34841
4842,Bob,27,Finance,34842
4843,Emma,28,Sales,34843
4844,David,29,Marketing,34844
4845,Sophia,30,IT,34845
4846,Liam,31,HR,34846
4847,Olivia,32,Finance,34847
4848,James,33,Sales,34848
4849,Ava,34,Marketing,34849
4850,John,25,IT,34850
4851,Alice,26,HR,34851
4852,Bob,27,Finance,34852
4853,Emma,28,Sales,34853
4854,David,29,Marketing,34854
4855,Sophia,30,IT,34855
4856,Liam,31,HR,34856
4857,Olivia,32,Finance,34857
4858,James,33,Sales,34858
4859,Ava,34,Marketing,34859
4860,John,25,IT,34860
4861,Alice,26,HR,34861
4862,Bob,27,Finance,34862
4863,Emma,28,Sales,34863
4864,David,29,Marketing,34864
4865,Sophia,30,IT,34865
4866,Liam,31,HR,34866
4867,Olivia,32,Finance,34867
4868,James,33,Sales,34868
4869,Ava,34,Marketing,34869
4870,John,25,IT,34870
4871,Alice,26,HR,34871
4872,Bob,27,Finance,34872
4873,Emma,28,Sales,34873
4874,David,29,Marketing,34874
4875,Sophia,30,IT,34875
4876,Liam,31,HR,34876
4877,Olivia,32,Finance,34877
4878,James,33,Sales,34878
4879,Ava,34,Marketing,34879
4880,John,25,IT,34880
4881,Alice,26,HR,34881
4882,Bob,27,Finance,34882
4883,Emma,28,Sales,34883
4884,David,29,Marketing,34884
4885,Sophia,30,IT,34885
4886,Liam,31,HR,34886
4887,Olivia,32,Finance,34887
4888,James,33,Sales,34888
4889,Ava,34,Marketing,34889
4890,John,25,IT,34890
4891,Alice,26,HR,34891
4892,Bob,27,Finance,34892
4893,Emma,28,Sales,34893
4894,David,29,Marketing,34894
4895,Sophia,30,IT,34895
4896,Liam,31,HR,34896
4897,Olivia,32,Finance,34897
4898,James,33,Sales,34898
4899,Ava,34,Marketing,34899
4900,John,25,IT,34900
4901,Alice,26,HR,34901
4902,Bob,27,Finance,34902
4903,Emma,28,Sales,34903
4904,David,29,Marketing,34904
4905,Sophia,30,IT,34905
4906,Liam,31,HR,34906
4907,Olivia,32,Finance,34907
4908,James,33,Sales,34908
4909,Ava,34,Marketing,34909
4910,John,25,IT,34910
4911,Alice,26,HR,34911
4912,Bob,27,Finance,34912
4913,Emma,28,Sales,34913
4914,David,29,Marketing,34914
4915,Sophia,30,IT,34915
4916,Liam,31,HR,34916
4917,Olivia,32,Finance,34917
4918,James,33,Sales,34918
4919,Ava,34,Marketing,34919
4920,John,25,IT,34920
4921,Alice,26,HR,34921
4922,Bob,27,Finance,34922
4923,Emma,28,Sales,34923
4924,David,29,Marketing,34924
4925,Sophia,30,IT,34925
4926,Liam,31,HR,34926
4927,Olivia,32,Finance,34927
4928,James,33,Sales,34928
4929,Ava,34,Marketing,34929
4930,John,25,IT,34930
4931,Alice,26,HR,34931
4932,Bob,27,Finance,34932
4933,Emma,28,Sales,34933
4934,David,29,Marketing,34934
4935,Sophia,30,IT,34935
4936,Liam,31,HR,34936
4937,Olivia,32,Finance,34937
4938,James,33,Sales,34938
4939,Ava,34,Marketing,34939
4940,John,25,IT,34940
4941,Alice,26,HR,34941
4942,Bob,27,Finance,34942
4943,Emma,28,Sales,34943
4944,David,29,Marketing,34944
4945,Sophia,30,IT,34945
4946,Liam,31,HR,34946
4947,Olivia,32,Finance,34947
4948,James,33,Sales,34948
4949,Ava,34,Marketing,34949
4950,John,25,IT,34950
4951,Alice,26,HR,34951
4952,Bob,27,Finance,34952
4953,Emma,28,Sales,34953
4954,David,29,Marketing,34954
4955,Sophia,30,IT,34955
4956,Liam,31,HR,34956
4957,Olivia,32,Finance,34957
4958,James,33,Sales,34958
4959,Ava,34,Marketing,34959
4960,John,25,IT,34960
4961,Alice,26,HR,34961
4962,Bob,27,Finance,34962
4963,Emma,28,Sales,34963
4964,David,29,Marketing,34964
4965,Sophia,30,IT,34965
4966,Liam,31,HR,34966
4967,Olivia,32,Finance,34967
4968,James,33,Sales,34968
4969,Ava,34,Marketing,34969
4970,John,25,IT,34970
4971,Alice,26,HR,34971
4972,Bob,27,Finance,34972
4973,Emma,28,Sales,34973
4974,David,29,Marketing,34974
4975,Sophia,30,IT,34975
4976,Liam,31,HR,34976
4977,Olivia,32,Finance,34977
4978,James,33,Sales,34978
4979,Ava,34,Marketing,34979
4980,John,25,IT,34980
4981,Alice,26,HR,34981
4982,Bob,27,Finance,34982
4983,Emma,28,Sales,34983
4984,David,29,Marketing,34984
4985,Sophia,30,IT,34985
4986,Liam,31,HR,34986
4987,Olivia,32,Finance,34987
4988,James,33,Sales,34988
4989,Ava,34,Marketing,34989
4990,John,25,IT,34990
4991,Alice,26,HR,34991
4992,Bob,27,Finance,34992
4993,Emma,28,Sales,34993
4994,David,29,Marketing,34994
4995,Sophia,30,IT,34995
4996,Liam,31,HR,34996
4997,Olivia,32,Finance,34997
4998,James,33,Sales,34998
4999,Ava,34,Marketing,34999
5000,John,25,IT,30000
